 Purchase ID,Coupon Code
656e5425e21133d8620a7515,normoxic
656ccdd8c910389c710910b0,normoxic
656a24d5dfd8d428f7066a3f,pcdiveclub
6568b6957df84af35706e6cc,normoxic
656794134704c35c8308560b,normoxic
6561f9d8d00be205ca06ec79,normoxic
6560a8dd3899fa367e0e5f71,normoxic
655fc6c63ac36ec0b809599c,pcdiveclub
655d19c58d871bdb870b4e05,normoxic
655ca80896d45664f60c0039,normoxic
655b5d4018c05537760931bf,normoxic
655aaf98f2e968e37e06bb72,normoxic
655aaf7b3d95b61bdb0d2028,normoxic
6559050cd83df091df0b6c17,normoxic
6557ccf6bc80323c70062499,pcdiveclub
655645e02b5a036d070507d5,pcdiveclub
655421a17e5073f2dd063c82,pcdiveclub
65540b748d0cd6f7710d1b39,pcdiveclub
6553fae28531fac11605fefd,normoxic
6553cb10a18b9663c200e678,normoxic
654fc543e1c938dec704c2dd,normoxic
654e37351d258bb9c70cb286,normoxic
654ce2bdb070d6677a0ae930,normoxic
654be36b9a2c39a8ab0aa684,normoxic
654a775a3ad5028ff109f989,pcdiveclub
65490fa4f6ddb2b0db08228f,normoxic
6547a0c1ec380445f40ebcee,normoxic
65479ab3bbfe2f8d7a0c57cf,normoxic
6547156fc7cbedb0120bfe0f,normoxic
653fa6d30b35a3b33603452e,$100$one$hundred$100$
653f91343c9d6ed9c30a6c8c,normoxic
653f9055d38e7228b601886d,normoxic
653d41b087db1a1b910a60e4,pcdiveclub
653bf2c6c13ffc6d99099010,normoxic
653b154336c8d9ec8a008ba6,pcdiveclub
653a7f1bb0b6c990160e6c94,pcdiveclub
65391e576a73a3333c01f55e,pcdiveclub
6537feea072e1bceef08229f,pcdiveclub
6537fe32a92d5de42500cd52,pcdiveclub
6537fb37e2d72ebde605746a,pcdiveclub
6537ca03c9f265ca54099d73,pcdiveclub
65366dcdf1b15177b10c938f,normoxic
653539028810ff6e44030f3e,pcdiveclub
653538889731b259980591f9,normoxic
65343ed63ae2b3e3f901c608,normoxic
6533cf48f4f2517000073dd9,normoxic
6533cee51859def2a205c433,normoxic
6532a4f84a77f53772061776,pcdiveclub
6531542fcfa15a99e200cd2d,normoxic
653017d3f6e0cb29690a739d,normoxic
653017d3aa2c8a91810d683c,normoxic
652fcbdcee3e28a3ca09b845,normoxic
652edc9f7973b829250bfcf0,pcdiveclub
652d9afb1fd6f1b9f80a3bef,iamforrest
652d90e6d236a991de0e6ac0,normoxic
652d8fc81d4abddde406b3d1,normoxic
652d8f7c0125c9a6b809bc7f,normoxic
652d8f4409066d1a2b04497a,normoxic
652d8f0ea9b2a68ace0a9b7c,normoxic
652d8e63720e1142a10cd972,normoxic
652c370aa2e90a0126030f0b,normoxic
652a8802ed1442bf3b04fe40,pcdiveclub
6528618c5287faccff04a344,normoxic
65285d14088cbaca730a71e5,normoxic
6527176b417bf6af9d0ae0fc,normoxic
6525d95bbf4c45a4bd02ec51,normoxic
6525c010d05207298c00ce1e,normoxic
6525953749b38c6c320d7eb1,pcdiveclub
652451a9c5c22ba369090533,pcdiveclub
6522cbeb377560e72e0c7ea3,normoxic
6520764d95dc7e03b000ad68,normoxic
652011a0eb5200a20808b4f1,pcdiveclub
651d4e380386bab9f50a9ba8,normoxic
651c840a3411f78e1a051f47,pcdiveclub
651b3dcd8ff27b4b210a502b,pcdiveclub
6518a399a0b4cbbc83036d5e,normoxic
6518477ddca50f5e8f0ce383,pcdiveclub
65174f7fab4758b9b70676b1,pcdiveclub
651725126e6c4a23750c5715,normoxic
6516d8ae3445b0f3d50569ea,normoxic
6516b52f27c91291fb0128a1,pcdiveclub
6515e4328f074e459605a7a4,pcdiveclub
6515a47cbfb954e34803880b,normoxic
65131021789ad5053c08fbd0,normoxic
6511a562a2562cf76103ee72,normoxic
6510e00052abec0beb0f2ec0,pcdiveclub
6510d19838f67a292f040306,pcdiveclub
65103697368a7b47600964a5,pcdiveclub
650f5ee610be3dc9a602e523,pcdiveclub
650f13f4beaa4e4a7b0766e5,pcdiveclub
650f0fe1fe9259d6490b08de,pcdiveclub
650daafc8270c390de08a91a,pcdiveclub
650d8671a0479a9b3f03280c,pcdiveclub
650ca567aec09909d70a25f3,pcdiveclub
650ca4f73dc9d1261b0a0aee,pcdiveclub
650c700a0f950ea47200c91b,pcdiveclub
650c6f9eaf86cc01db0227c6,pcdiveclub
650c33bf1cfbbd59c408b1af,pcdiveclub
650c33bf0370c4a8470ca73d,pcdiveclub
650b4fc519174a513d0101f9,pcdiveclub
650b3e2890765161e00f61fd,pcdiveclub
650b2b620896d1fe4303443d,pcdiveclub
650afd1f9a6e2e54d503a5da,normoxic
6509b17ee86641585d00f6e0,normoxic
650621f6281813920308b3aa,normoxic
6504d3016ce8f1f2dd052f16,normoxic
65039cf0811f4c1fcb050576,pcdiveclub
65039cf0489ebb751403ad24,pcdiveclub
65036b364332dcd35702d8ad,pcdiveclub
65035e55977a2e6dd404b38c,normoxic
65035e1a9b39ea60c30c30dd,normoxic
65031b05a1455aef2f0c4a09,normoxic
650253c4d9da6539cf0eca52,normoxic
6502021726d5c4247d045049,pcdiveclub
6501d3ac078fa3824e0bca0a,normoxic
65007d08eb411f243108a6a6,pcdiveclub
6500635435f8c871910e4179,normoxic
64ff9d63ceb8177bbb0ab738,coupon75$
64ff702363e5c49666053b72,normoxic
64ff331f9e29feda870da371,normoxic
64fddfc594bd1a084003874c,normoxic
64fce9c6bcaec531ac095ee3,normoxic
64fcdc3fdc7731479f002dd3,pcdiveclub
64fcd4257ec4c491220f9f73,normoxic
64fb7fe665ed302c4004b11d,normoxic
64fb2143b2db830e39001b1d,normoxic
64f9bc8e5fe5183eb70e5881,normoxic
64f8c544ce6a3aaf9b0e6f03,pcdiveclub
64f8c1131aeb18107c0dc4be,pcdiveclub
64f761acf6381fe22d0b1795,normoxic
64f73029a996bc3518068b6a,normoxic
64f6080c2e6ca1f47f01c589,pcdiveclub
64f4e818883bc9ca3b00372d,normoxic
64f4d38f49a71c1e7f00cbd9,normoxic
64f4c3260cc6b49c3205a62d,pcdiveclub
64f4b2e422efbaf2d70909c6,pcdiveclub
64f24ee191be8036820e0288,pcdiveclub
64f24ee12c9d07404008ed1e,pcdiveclub
64f1db31604a50fe3f09f7f2,pcdiveclub
64f0e26f732191e5ba012d10,pcdiveclub
64f0a66f29df80a56a0ed5a5,hewenttoparis
64ecf610b3f7fd60060dacd5,pcdiveclub
64ec8a18505e18037a0030e4,normoxic
64ec82d9f6d974a0f3078a17,normoxic
64ec80771d47a537e601c77d,normoxic
64eb36018d3a535bad065976,normoxic
64ea6f33653d8b9e48027bd0,pcdiveclub
64ea2cd98d551dabd1084fd3,normoxic
64e9ff8f5e9a7da035059693,normoxic
64e98f3e49898a07bc0584a5,normoxic
64e98f3e42a69f63b7034190,normoxic
64e9304f70e233fdb40c15fa,normoxic
64e920d1a77b3fe5c8043786,normoxic
64e91e45b86c2ace6e075650,normoxic
64e90049a7009057eb0d0ff7,normoxic
64e89553bd908d5d79082d65,normoxic
64e669ed3403fafe6005a1e0,normoxic
64e669a1aa17770271000a87,normoxic
64e66980e249795c4c0fc5c8,normoxic
64e53804dfbb0c925f03188d,normoxic
64e5380429407942ba043266,normoxic
64e4e3346e7aa945fc0c19ae,normoxic
64e4c1e6833385cb3302a8ea,normoxic
64e4a1553c7d409adc054ea7,normoxic
64e4a1361d18efd4570d3b25,normoxic
64e3d4a798db11489e0c1b71,normoxic
64e2707b8da4a6069f0010ea,normoxic
64e20592b06b8656780851dd,normoxic
64e137f76e2657e9450e5989,normoxic
64dfdb058e2cd5d00602f290,pcdiveclub
64dfc5d69c90ad11700f0e79,pcdiveclub
64de920fdbabb3ec42028d74,pcdiveclub
64de5c45b7d61bdfec03db3c,pcdiveclub
64de5c16de2d58b20603bee2,pcdiveclub
64de5be839c11ab7ce07958b,pcdiveclub
64de40d428a4c6a5900c239b,pcdiveclub
64de0abd145fed99a80176a7,normoxic
64dd4051168d3bfba90e37ba,pcdiveclub
64dce36d0a79df328d0b3a8f,normoxic
64dbd8670e062702dd03cc97,normoxic
64da9b1a0462f2648d0ed3b9,pcdiveclub
64d95bdda3495581820bb1c7,normoxic
64d95b989b3c36d17e09e020,normoxic
64d95b5d647f8fef5008036a,normoxic
64d91a85acf7e39a2504b4fd,pcdiveclub
64d8031f74ca58937b01af86,normoxic
64d7e5177792d63adc01e024,pcdiveclub
64d78d35be86e368700d21c9,normoxic
64d78cdc694089591d0a9d82,normoxic
64d6d738f7bb0706960e04e2,pcdiveclub
64d622b21f7c9752530dcbf7,normoxic
64d556ea7b7bfeef980e9c80,pcdiveclub
64d53062fee5f1d86c05df79,normoxic
64d52154ded67a37ae051cd0,normoxic
64d520bc426f409aff02c00e,pcdiveclub
64d507426bf7667d7100d9cd,pcdiveclub
64d404a5a1e26eedea042e1e,normoxic
64d3dec29656f979d0007160,pcdiveclub
64d0f3e84d44a419d3381377,normoxic
64cfcdc8077066517a421732,pcdiveclub
64cfc5f1071b03660569ac35,normoxic
64cfb6e0ec65a720a94d57de,normoxic
64ceb5a1ca924954107c65ce,normoxic
64ce6ecb34fd9b4ac56f9476,normoxic
64ce48915d00cc2f224c7ea8,pcdiveclub
64cba46bd9202514c226118d,pcdiveclub
64c99963b365b135ac416c52,normoxic
64c98b1528f57c268858c88f,normoxic
64c98af68a060e3a4e787937,normoxic
64c98a9445bd7051ca60c080,normoxic
64c969ca38ca6a30ee3359dc,normoxic
64c8fea5effff272f32a03c0,pcdiveclub
64c8f600695dcf38ab5e44b3,pcdiveclub
64c6c8a5be805f11b73d7631,normoxic
64c6bfb54dbe012f7a79a01b,normoxic
64c5777f6c5fee75643f07f5,pcdiveclub
64c5202ea764025916727465,pcdiveclub
64c51de95db865465e4f5a79,pcdiveclub
64c51cfd74f4633b881a11ec,pcdiveclub
64c43d56efe3556f8318ec2f,normoxic
64c43d2e2a6afe098774081b,normoxic
64c42f8b51b1da4b9c16841f,normoxic
64c4024fab666115ab3721cc,normoxic
64c40212e5ceec5f4b006238,normoxic
64c401e3216c0e21751ab33b,normoxic
64c401ac55dcfc7dde46f7d8,normoxic
64c4014caa387a51e16cf5b0,normoxic
64c40019acb2732539454c35,normoxic
64c3f9a9a922df0a553857c2,normoxic
64c2cb5362fd2602616388b4,normoxic
64c29afceaeffe3bbe75cc8a,normoxic
64c137a6cc3686416d543a94,pcdiveclub
64bff33239666d60a46230a2,normoxic
64bfccd327a8e008ae3187a8,pcdiveclub
64bfb9e4419f226cf400598b,normoxic
64bfb3e3db152d160d4519e4,normoxic
64bfb0285a6e96065166805e,normoxic
64beec795ce75245db54d840,pcdiveclub
64beeae9b085c152c70d7edd,normoxic
64bee1f93e02eb25066c93e1,normoxic
64bee1998b8f3f07e73d5232,normoxic
64bedcd550b5fa3241735ec0,normoxic
64bec5dcf0c5bc332d0dc888,normoxic
64bd5165c4e05458ab4473bb,normoxic
64bd2fa7584e8f12ef21f7ac,normoxic
64bd2f074a789e7c023eef4a,normoxic
64bc6266ee99f10b0a78ff46,normoxic
64bbff5e6686a730f746f58f,normoxic
64baec7a2851816dfa567e61,pcdiveclub
64ba8aac8bea690c0f77e85d,pcdiveclub
64ba54aeb2740e5fd0783e41,pcdiveclub
64b9e1a8397a895e0b28bada,pcdiveclub
64b965d12043a92d361eec66,pcdiveclub
64b95d29b0a95706744cc1c5,normoxic
64b896161ce52404b45ae09b,hewenttoparis
64b84f7d51de9e549709c4c7,normoxic
64b83924ede72a5fca05a0f1,normoxic
64b7f73a5b759d2ed51ebc64,normoxic
64b5c8cad2fdba4c3e479431,normoxic
64b52c7ad17db7589771ad38,normoxic
64b41f5b4a07e039257efe3b,normoxic
64b41262274c2603e528e565,normoxic
64b410639c66df5de17f5cc4,normoxic
64b410633baef34d5b1bcfe3,normoxic
64b4106324f35e562b122754,normoxic
64b3ceebb0e750121b798492,normoxic
64b17dfc8495c06b8b2aea57,normoxic
64b17db8d9efdb19f62c9720,normoxic
64b156034e73761fb860c5c9,normoxic
64b10f82d24e9639570badd4,normoxic
64b037dc7781c019900191f6,pcdiveclub
64b01d7dc0c8e70382324d10,normoxic
64b00a1945e9dd1eac14b027,pcdiveclub
64affc5d35239e543b5c9806,pcdiveclub
64affc5d19870804b07ad979,pcdiveclub
64afedd90313d001792481cc,pcdiveclub
64af910a3970bb06a72d85d8,normoxic
64af2ff724c6a31a5b2fd46f,normoxic
64aed401b9336b5eb01d359f,normoxic
64ae89e5df100c5288335aa3,normoxic
64ac71daa865ce3cb9563bc9,normoxic
64ac438d7398e2775954ca2b,pcdiveclub
64ac2866fa62e84aca139ff6,pcdiveclub
64ab10f86e908349661f2f4b,normoxic
64aad20b5ec47309de56391f,normoxic
64aa9f7ecb3b677f35094c41,normoxic
64a9e6ceb6d7e11b4179d107,normoxic
64a9b9d5a141b10b3a638313,normoxic
64a9a0e14daff94f922c2266,hewenttoparrot
64a9a09aba10613a1a7aac32,hewenttoparrot
64a97798957034189654be4e,hewenttoparrot
64a9772b937a912d1b4dabff,hewenttoparrot
64a869c77c5a43343a3ef380,normoxic
64a84e3a0547da7c7e0149b6,hewenttoparrot
64a84deccd1cbb4c04439e94,hewenttoparrot
64a84a6d87381571026cbc19,hewenttoparrot
64a84a030c45921442689811,hewenttoparrot
64a839b71e78dd6fcf7de2a6,normoxic
64a82fbd43ff9a7c5343c5ac,hewenttoparrot
64a8296943e560762d22bd04,normoxic
64a80a0cd0dbfd0dbe383f51,pcdiveclub
64a73fbcce2ec450eb24f20c,pcdiveclub
64a70b92228983059937f256,off%50%off
64a6e86e32c08b5a3940bdb2,normoxic
64a6d9eba7cd5946a06efec6,pcdiveclub
64a6ca8c70d0bd4b8930b360,pcdiveclub
64a6a183f7a63e4c7d4182d4,normoxic
64a5d422f3f0f001ee0cffe2,normoxic
64a5d3dd391ebd603a20a0a8,normoxic
64a5d37c5944291f92212ebb,normoxic
64a5ac852daa5d50730ea606,pcdiveclub
64a4de3e462c5e7a99369c33,hewenttoparis
64a4c374e5bad922791c3b19,junenews23
64a4c279f409d846cf717216,junenews23
64a44f29223a197b643b5b97,normoxic
64a44e3b90b2647a69397f24,pcdiveclub
64a418c3d7cb8a65a407a628,pcdiveclub
64a321d9217ac3664b5057b5,pcdiveclub
64a2dd55268ff161d629578c,normoxic
64a1deeb9eb41077b937c395,pcdiveclub
64a1c75121ab061e8e206bc3,pcdiveclub
64a1b1db5d1ca36403594327,normoxic
64a059c12de88a2d5e26f640,pcdiveclub
64a03d427fb024394048f865,pcdiveclub
64a037aacad7741ced56b90c,pcdiveclub
649f572f661a79029404931c,normoxic
649f3af2b4318b60f74ad3d0,normoxic
649f2c92febcf65ceb1ae07f,normoxic
649f09c6e66511461e18e53b,normoxic
649ed059a948c8079c1f49ec,normoxic
649d78f969d1c46a8d219b5b,normoxic
649c9b37177da952fd6519af,pcdiveclub
649c423bde66bc72520da357,normoxic
649c2985a044f9059c7aec84,normoxic
6499f53dd7665d2d2e51c8e6,pcdiveclub
64997e878ca65e2929701799,normoxic
6498c3c5a108803d86232d26,pcdiveclub
6498b360c8c71e0e524c112b,normoxic
64987ceb0737b2099d69a8d7,pcdiveclub
6498724135782177930072a9,normoxic
6497491f92c31a3175201a88,normoxic
6497467710bc9548333f4088,normoxic
6496ed801032a25a903b6df9,normoxic
64960004babf89000060bde9,stayhighbayhigh
6495ff47408a2f08fb283ec9,normoxic
6495f2516d6b71151d132714,pcdiveclub
6495ebfe8c8e870e9e0cb2da,normoxic
6495aef36881824b3532411c,pcdiveclub
64949fd287bf983e5e1e38f1,normoxic
64936d0c67a9e642e655dec8,normoxic
649202473c22a8674246c153,normoxic
648f7f7679de0e4e372ce895,normoxic
648f7898311e1f46b4197ce0,normoxic
648f69539e96355e39091ae5,pcdiveclub
648f690c9c3cfb3e6e2eced9,pcdiveclub
648f690c9c3cfb3e6e2eced9,normoxic
648f6095c6225d52bf0e5fca,normoxic
648f24eab280af40a86ae9a7,normoxic
648f0eca1610c4314d167bc2,normoxic
648e14363d10e337dd7dc148,normoxic
648de95b90d10370a85b9087,normoxic
648de4909a179576ad1496eb,normoxic
648de2a25ce0de30d953a54d,normoxic
648cb56e458c385b716d93a4,normoxic
648c839c6ccca97b5560e2f4,normoxic
648c71d0fb231867a6074420,normoxic
648c6b4fb334625192228956,pcdiveclub
648b8b83af246c7d69224a35,normoxic
648b7081a13051655d4fb93b,normoxic
648b68ca16825133601fd985,$100$one$hundred$100$
648b620f3e2cd44a674dbae4,normoxic
648b208d6b983263512ff7bc,$100$one$hundred$100$
6488d207d44fac56023272b7,normoxic
648752540d43404abe77e320,hewenttoparis
648646caca5cca50310995ed,normoxic
64860bf4b60d4019d356c736,pcdiveclub
6485f1fc6059d7021b3e1dfb,normoxic
6484f42c2ef40c5cc63477e6,pcdiveclub
64849b3179d6fc00976460e9,pcdiveclub
6484860a3753552b5f5cf56c,normoxic
6484695a46174c39e64d6c44,normoxic
648395050aa4eb67a44f5f54,pcdiveclub
64839406d6737c41424b5280,pcdiveclub
648243fd5afbbc5087402a02,normoxic
64823484f4179c37281daf03,pcdiveclub
64822f37e108e93c752d3ff2,normoxic
6481f9353aa2d90ae0160745,pcdiveclub
6481ee5bd71501341a5b2ab3,iamforrest
6481ee5b3c59b34398720f10,iamforrest
6481276ee565006dae52f298,normoxic
6481276d6f1d053ef02d0918,normoxic
647e5db487ca545dbb29ba7d,normoxic
647e1a246b74e452a0752859,pcdiveclub
647b956da9e134246b6ad81c,normoxic
647b8dd9f395891c29140897,normoxic
647a7551d4bf107a753a22b6,pcdiveclub
647a4109357bc75a136ea9e7,pcdiveclub
647a06bf541f953cd61d5571,pcdiveclub
64796375b521b21d9d51e408,pcdiveclub
647914c9c4c70a74fc56c524,pcdiveclub
6478f5d4b9dd8c284f1e0214,pcd10%
6477a1138dcc947b7d37651c,hewenttoparrot
64779ff6ef89ed4cde1b719f,hewenttoparrot
647795ec2417d75cb00d2ee4,normoxic
647760bb548e6b04e92e297c,hewenttoparrot
6476484fe337cb5cb474d472,normoxic
64764093228ef45f156eff43,hewenttoparrot
64762f061623712db92d8f0f,pcdiveclub
6475decb0962b21320440d61,normoxic
6474da0fe137c54f0430e9a3,normoxic
6473a3472f7ff84bae522225,normoxic
6473a194e3cf6a06373ffc86,normoxic
6473a1233006be5d9911dc38,pcdiveclub
64738286767e7e4186270cb4,normoxic
647382113ce97b1d077de91b,pcdiveclub
64737cd5939a8b78d35f478e,pcdiveclub
64737c5b679bb053d60d612e,pcdiveclub
64737678694aa026a2155c7c,normoxic
64735f5d2b87620cde34e17e,normoxic
6472630a58a5633dd7737e4a,pcdiveclub
6472510048cd0e5b4715b347,normoxic
6471e39485e932043c7ec943,normoxic
6470ce1ff521dc45a142fea2,normoxic
646f90e291652f1e092684e5,normoxic
646f86912fff73107403c5d9,pcdiveclub
646e704ab70d813caa291b8c,normoxic
646cfaf62ba18974824498ed,normoxic
646cf2d57d06462ea777ee22,normoxic
646cf2a81abe6520f279300e,normoxic
646ced01bd802779915de8db,normoxic
646ceb10f359d134904b792d,normoxic
646ba24bc6122625d6162aff,iamforrest
646b76ec2ee754574b5bca30,normoxic
646a31fec5a61f168030bb18,hewenttoparrot
646a145f89db147bd17f226e,normoxic
6468f53b0e5ac020d06f8ede,advancedaddon
6468ef3106729e62404c4f4f,normoxic
6468ee372e8c080b9627de1b,hewenttoparis
6467ecd9559eb4142e27bf37,pcdiveclub
6467cde57dce8c6a5b27193a,normoxic
6467b7748fcdb213bf0c076f,pcdiveclub
6467b71a926b1964040a2522,pcdiveclub
64676c5d978f721db456553c,normoxic
6466728f17fcef7d475f258c,normoxic
64664c5eed28a965e7403bd6,pcdiveclub
64664653e80f1e5eb7276a6e,hewenttoparrot
6466436b06b3c46763389984,hewenttoparis
6463dbf8070d4d2a801e0a26,normoxic
64639ecc83ead83d9f5d105a,normoxic
6462a48eda5c820a1a47983a,normoxic
6462a437ed6c6702406c92b3,normoxic
64629968bd7d3c2aa92ee659,normoxic
64626115084b0f627a66c105,normoxic
6461007875c2ec676a104e4e,pcdiveclub
64601a88595c7840203f7ac9,normoxic
6460130f6522f9606d2df3d5,normoxic
646010554f512d79a8012091,normoxic
645fb49e4caadf2034519540,normoxic
645fb475157c744cfe79c70f,normoxic
645fb452a21e69073b6c3393,normoxic
645f785bf8edc83749511fd5,normoxic
645f783a0cba7c796639d360,normoxic
645ea10696b22f3bb9780c62,normoxic
645d6ebda04854222b3ec048,normoxic
645d652dff15d1204a7fef76,pcdiveclub
645d481c34b79e422172f34b,pcdiveclub
645aca5e4b66e7675d1ed749,normoxic
645ab8205b1c773d58038021,normoxic
645a91121f8c4145e876989b,normoxic
645a347aedc9f8776b4acfc3,normoxic
64597cdda51fd44bb02da72f,normoxic
6459486324272d1a4d2f9cc1,normoxic
6459427e97cd9200f22dada5,normoxic
6456a411ddd9be678254acff,pcdiveclub
64567e8ce3d93467f755c3ae,pcdiveclub
645566c03df8271a62531d57,normoxic
645559dd4135802f6a09ba1d,normoxic
64541f3e3db0d502586ee20a,pcdiveclub
6453ed03e6fb3b1d06399e99,normoxic
64539de83b17a87811680da5,pcdiveclub
645199d23028a3448324c6f7,normoxic
64516ceae0c055330f0c954d,normoxic
645152372835f55adb1bb639,normoxic
645140499c8642469263de86,normoxic
64513c497fcec6490e60314c,normoxic
64512da247a2577c3d0744fb,normoxic
645128fbb1be731fb22fef9d,normoxic
64512830af266f0fd402395f,normoxic
645124a3dfb64a02fb45bc92,pcd10%
645123f0df2a0b66f91fedc9,pcd10%
64502a465090e54a1468c667,normoxic
644ea6093e89c51a7d1e8211,normoxic
644e9c47b502795e776b13c2,normoxic
644d7c972337623f3905ee85,normoxic
644d1195f071ee3a645a9c9b,normoxic
644c4d8d24680d5ac356b402,pcdiveclub
644bbcb7021e866d810ae693,normoxic
64495679ccfee531ab79f517,normoxic
644850200142ff634c568699,normoxic
64480220ab9c914c2a49601e,normoxic
64470903e78edf39cd2affab,normoxic
644700f2b5399a2a341fd453,normoxic
6446fe01115e6659ae053401,normoxic
6446f4030d36a74a1c1f820c,normoxic
6446edf9e12ea359c96b6e52,thedive
6446aede1466737cdb5dbc5f,normoxic
6445aa0aa7e5d507cc2bb1f1,normoxic
644565040158e85232636e7c,pcdiveclub
64455b43dc76726090765cbc,tyservice-ben
644513ffd8b44072e4028469,normoxic
6444611330006c44963be8a2,normoxic
644451e839d3cc0c6937956e,$100$one$hundred$100$
644446502482830ec6473a08,pcdiveclub
644437218a082c118c47c485,pcdiveclub
64443687057ef57d0b055ddc,pcdiveclub
644308ac54e2427081437a51,normoxic
6443077ea3cc5606b44aa20c,pcdiveclub
644300e0d646a2499b630e5c,pcdiveclub
6441d23bed54fb654a78c839,normoxic
6441a671b069f221da457038,normoxic
64417c57a59b2e2abb4b91be,pcd10%
643fd6aecda56d137025d17e,normoxic
643ef02c837ab049c339687e,normoxic
643eebbdf37edd730f097de5,normoxic
643e0b796069bc1c9c070aa9,pcdiveclub
643dafd77f0e84646c247c4f,normoxic
643dafccca7b3f7e39452b6f,normoxic
643daf28ea335d7fe6248e17,normoxic
643daeb1a3215646401c5555,normoxic
643d85a6195de90c9d0dc244,normoxic
643d83d89112d4534f5ac025,normoxic
643d7baead64ff5274315aa9,normoxic
643d5cbbcd68fc4f023705c9,normoxic
643b124a81bbcf3416634e74,normoxic
643ae23c3e622459574845ba,normoxic
643ae0d6a3f69a25bc638b58,normoxic
643adf99ba07bb596a4bb4a3,normoxic
643ac90a9d3a717b82320b49,normoxic
643aa3ee1c05a52842324d81,normoxic
6439aab1af491b26216af64f,normoxic
64398b2f2e79fb273552abf4,normoxic
6438b44b3ff52a7ad60f6bac,pcdiveclub
64384609a30df955832e7e3c,normoxic
64371b1d2e87940ef829c773,normoxic
64359787554b3923c979f601,normoxic
64347e2ea04b037ed96ea843,normoxic
6434769c4ec98366872ef932,normoxic
6434577498947b33a26b019c,normoxic
6434573a502ada6385436dd8,normoxic
643419324e146c32bb034f74,normoxic
643418eeb4aa106dd076365f,normoxic
64340811b9ae781b9e09aac8,normoxic
643407158a936331c64e0f4a,normoxic
6431d2bccd8bff2bcc20153e,normoxic
6431a38c3a2bce279e3e6c92,normoxic
64319ebe064317101b5dd373,normoxic
64319e8db3728443037aae87,normoxic
64303da64cdc79718d4b046c,iamforrest
642f722ee9cf202a6e7ca88e,pcdiveclub
642f25aa57140e1d852a160a,pcdiveclub
642d6e1b521b945fc22ca142,pcdiveclub
642cc8481d67a564577736e7,normoxic
642c88e81d7e7f39293da403,normoxic
642b4e71f3fc813dd62236b2,normoxic
642a0a08ebd7a730913ca43f,normoxic
6429ba242dc5e11a344b4511,normoxic
6429b857d431c961a444459d,normoxic
6429b7d2fa4b966ff521dadd,normoxic
6429b780c091d91543297710,normoxic
6429b6e07dced24ec13aa489,normoxic
6429b6b6663d2b241712c71f,normoxic
6429b675a6407c56e5492e9d,normoxic
642832b0e2cee23df97d2b20,normoxic
6428217879723e3fd12bc696,normoxic
6425e632df99f924ff03e1a6,pcdiveclub
64245fde289f8362f14ea4be,normoxic
64232df8469b4d5ab1725f10,normoxic
6422158897f6b1050971fbf9,normoxic
64221573fe3b9c1df6717dea,normoxic
6422154dd4274b589a722aa3,normoxic
6420ba16d82d273da823adbb,normoxic
642068b508952b70b65d6ff9,normoxic
64206856519adb11c44f9a4a,normoxic
641ef8eee9294654ef52d422,normoxic
641c998fa1e32f385437436a,normoxic
641a187f0c2ca1513118e59e,normoxic
6419be26b685263cb70f51c9,normoxic
6419ba72b72d8c7c563c1950,normoxic
64176c03d239c645954c4073,pcdiveclub
64174d699c3efa71162a2150,off%50%off
64174d699c3efa71162a2150,normoxic
64150ec0f387ff294a4f2b83,normoxic
64150e82992d211b120954d9,normoxic
64150e437a81cd76a5761df6,normoxic
64150d6be9cdfd587829e701,normoxic
6411d14edb79854c0c746e86,normoxic
640fb13eb93ef961496aa063,normoxic
640f9baa45712e35603d0608,normoxic
640f908edb0f2d691278e0fe,ireadtheemailfeb23
6409115239efd53c87568cb8,normoxic
6403dfef654d0b62387e57da,pcdiveclub
6401075938da6c0ff7172b9c,normoxic
640106b33fd248174f700a5d,normoxic
63ffb52c6c6ec1466d086e7e,normoxic
63fe7bad0f83472fd81ada3b,normoxic
63fa862704972b02f11d8aa7,pcdiveclub
63f8ea7e7dec8f0663772ba8,pcdiveclub
63f663847f5f3b4fc051ed0c,normoxic
63f52d80dae0ab4938353248,normoxic
63f511e7202d3f7ae821bf46,normoxic
63f4e73ac97f2b09bf0c849c,ireadtheemailfeb23
63f4c0d7ffd42d780b5664cb,ireadtheemailfeb23
63f4c0d72ddb015d123cee01,ireadtheemailfeb23
63f3f24a44ad417425049fb8,ireadtheemailfeb23
63f2ce1f830e5105de6ca1a8,ireadtheemailfeb23
63f2adba37160156537cb59f,normoxic
63f27c0fb94e6f359d610178,normoxic
63f277b5b1064f61c04310f1,normoxic
63f26f5f5352086ac041ada8,pcdiveclub
63f23ff60b33285a1c1dd05c,normoxic
63f1642a094a0d4e2c12523f,ireadtheemailfeb23
63f1642a06067861af478417,ireadtheemailfeb23
63efa61f8e2874450913e074,normoxic
63ee84a99927c748f1144986,pcdiveclub
63ed6671629562653170cfa8,normoxic
63ed47e7eca37e48394424de,pcdiveclub
63ed4746f20cd9742526f8be,pcdiveclub
63ece9a6d6bac07b9d6bb8db,normoxic
63ebe1d60bef8728bc23ee19,normoxic
63e687372e18a752ac27e843,iamforrest
63e687370c3d447c811b58dc,iamforrest
63e6839341f59e75fe74abd2,pcdiveclub
63e414fa26d91c65b12701d9,pcdiveclub
63e3c08e0677e84c854e9d5f,normoxic
63e180ac67102e33dc7b2a34,normoxic
63e14e55b04aad25a30643c4,normoxic
63e14ddba8521d3da302f0fc,normoxic
63dfe6b547f6b5595b3e5e69,normoxic
63dfe6682be7ac2101721b1b,normoxic
63dfe62b7c27d12b062d6acc,normoxic
63dfe5b97a5e9461273c9605,normoxic
63dfe5862fb80c55da17aac2,normoxic
63dfe50205144e5eef27ac11,normoxic
63dc362ee39fec4fb051cdcc,normoxic
63db03a30d62043ea4248cd9,normoxic
63db02f0d555a304e24a46cd,normoxic
63db029ca889b57ae649b3c7,normoxic
63d837505a71d647955e2059,normoxic
63d83726cc4395008a7373e6,normoxic
63d7e0d759b0a9605d72e5b9,normoxic
63d3f4dcc5571278c90d4707,$100$one$hundred$100$
63d2a35701ba4c29372c52c7,pcdiveclub
63c6c2709a8e335fad43429c,iamforrest
63c6c1d88c045e4f0201ae3c,iamforrest
63c6c13471ac047d481bed08,normoxic
63c36f57481b5a1f27042938,normoxic
63c08bc14a94795ac240bec7,chris69snider
63c08ac98c9a2d56f11d228f,$100$one$hundred$100$
63bf31f7113564413a362dbe,pcdiveclub
63bc8f196ba071067376900d,normoxic
63b73790bbbe4902242d3664,$100$one$hundred$100$
63ac9e46d42e4a787b30565a,normoxic
63a1da4f239d39530a217f6e,pcdiveclub
639a19d1c702661b69787a10,pcd10%
6395f69baf8f9a65f21779fb,pcd10%
638661c155255545113e256e,normoxic
638660f788ced06c15421104,normoxic
638660c977cbf619b2113f25,normoxic
638660759154e83caf0c88ee,normoxic
63865f893d430a4b2c1d4787,normoxic
6384b8386b62625481609047,normoxic
6384b8384999f157205487c0,normoxic
6384b74979c41218446c604d,normoxic
6384b7495633c7318230046a,normoxic
63839e01184b0b5e272b5f98,normoxic
63812a7e4955e04b053ccbb3,normoxic
63800457a311f53b237e4b09,normoxic
637aa73074cd6a0e743c2114,normoxic
637a3be42e2ebb08f466f13d,normoxic
637679ee5d086f06d3211b2a,normoxic
63756b7f149a8370a84fcf0b,normoxic
6372cff7fa3a5170ed236fd0,normoxic
63727504b2e68f150e48f123,reefgoestopcb2023
637275044a131f79cc011d51,reefgoestopcb2023
637275042352cd6bdc43b12e,reefgoestopcb2023
63701d1e9887de08ad648de0,normoxic
636ec0b1c6e0517ca636a1b9,pcdiveclub
636c23a2358d1060fa4bbbb9,pcdiveclub
636944f2b7257c1b29348e79,normoxic
63693e382ef64848ab687d40,normoxic
6367ba736811b4002877ff7f,normoxic
6366a416bc5ddc299106ca19,pcdiveclub
636690a6e21eb746b546d24d,normoxic
63652a86d0795f355070f562,pcdiveclub
63651afc83f7e708523add22,pcdiveclub
636421750d7f79210e3d4dea,pcdiveclub
6355ab7e3f7e4c296c0542a9,normoxic
635196b4b2ff3951781b4828,normoxic
635196853bb54354474f0940,normoxic
6351966a55540674af5dceb6,normoxic
635196270c32cc464d111752,normoxic
634ecf4639323e6ae221327c,pcdiveclub
634c22b4ff9e4605a0159cce,normoxic
634c1db779bb6768400bd93d,normoxic
634c1d6b6f9506138919dad6,normoxic
634c143cb8130c6b6f7728ce,normoxic
634b25fdf7d7a51e2432a292,pcdiveclub
6349c8ad7ad73b1e61501bdc,pcdiveclub
634995f40a7ab007bc5fcab7,pcdiveclub
63498a6572d0fc075106b854,pcdiveclub
6348488ca270f96935686875,pcdiveclub
634453f1aea687225f1a4138,pcdiveclub
633c7b392e8e3824fe2bcb54,normoxic
633a18a69b73bd02d3443fc6,pcdiveclub
633707e2348adb197e42f6f8,pcdiveclub
63360d33fb83ec199152cb28,pcdiveclub
63360afaac9fa8300f3b76e8,pcdiveclub
6335ec931ffbb95b991fa962,pcdiveclub
633326019e36aa4ca06f1f6b,pcd10%
6331408ae9c0c71d8e274d6a,normoxic
63310f294d835c322b12502d,normoxic
633088b06e3e9a47441e15bb,normoxic
63308162c860646b0b6c65be,pcdiveclub
632f7374a99480105d6a4436,normoxic
632f722ad0447d379a575027,normoxic
632f70cc90553f04132e09da,normoxic
632da79bcb75a12df803e5cd,normoxic
632cd2f795c08f6ab930e883,pcdiveclub
632ccb201d48505039325c1f,pcdiveclub
632b33ab96895b295763f57e,pcdiveclub
632a68c2fb1567628f672f83,pcdiveclub
6328c2952d82e61c41702fa3,normoxic
6327a55c07ca2508161fde47,normoxic
632769abb0a02700500323df,normoxic
63276901811e2951ca36058c,normoxic
632758756d26a75f69747262,pcdiveclub
6327272e8d99e20dce65bfda,pcdiveclub
63272304258d5d5cc524ef9c,scubafamily4life
6325fbf438295b380f43b943,pcdiveclub
6325fbdb216f6c6fb85fe4e5,pcdiveclub
6325f73cd1826768fc0be20b,pcdiveclub
6324d347c867271a2c29ad2c,normoxic
632395f707c0304e40402ffd,pcdiveclub
632353b3afd1554ee312b70b,pcdiveclub
63227c655bebc123e4431ef9,pcdiveclub
63222e933f469c58f0166b8c,normoxic
63221e98bceb5829e20b367b,normoxic
6321f88a954544067267f7f4,normoxic
6321040819c78e33f1626e9a,pcdiveclub
632103e802e235757f7a6fff,pcdiveclub
6320fd45186ab217600725ef,normoxic
6320c0c8fe735a4dd6541b4f,pcdiveclub
6320b6cb10143c7b891a61f7,normoxic
631fb146b1b08b6c947d1870,pcdiveclub
631fb0374080d22c5965df32,pcdiveclub
631f83d1879a256a2d7b48ae,normoxic
631f837c6aadbd6f495485ab,normoxic
631f80b8dcf3d8528e5cd621,normoxic
631f6b62813feb30a02513b3,pcdiveclub
631d37eec86e1e66db34c1ee,normoxic
631cb8e059839561ee4c6760,normoxic
631ba9d56ddf815e9c024a02,pcdiveclub
631a63ea324e1a51d8400d05,pcdiveclub
631a638a18fcfc2c1e7b3078,normoxic
631a4990dfa44a5e662a4e70,normoxic
6318d5ceeeada4484814852d,pcdiveclub
6314948117416966911322ef,pcdiveclub
6313b81a0c0d1a7d2e75e6c7,normoxic
6313aa03c32e9601cc262a68,normoxic
6313a97fe3c4f115dc365989,normoxic
6313a59ab066c82c87082c9e,normoxic
6312ae7e3d738819940c382a,normoxic
6312ad5d5c6f967db143f566,normoxic
6312aab1d50c823692002339,normoxic
6312630499ab012b9b7765a1,pcd10%
63114baea490a420f00c16b3,pcdiveclub
6311374bd13e5b2fdb50aebf,pcdiveclub
63111a7f632ef577841ec13c,pcdiveclub
6310c79a3e86712ee5788e26,normoxic
630fd8f7128b762f442b98b5,pcdiveclub
630f92e310948a69cd4dd9c5,normoxic
630d3c3c058e762e1770b820,normoxic
630d2562aaf10d7aed089e0a,normoxic
630cfa66c327f6203a67bcb0,pcdiveclub
630cdb1b906b5a0f7d7ec7ce,pcdiveclub
630ccdcd2a888133756f8f33,normoxic
630a9e5112ffd37e4f16897d,normoxic
630a999f667f820fb60c0a01,normoxic
630a650ef1eb1f552975adc4,normoxic
630a5e9d01d67c402a5407b3,normoxic
63096699e4147615a20b9fae,normoxic
63091d75356c76080b3da50b,normoxic
63090f9a827fb967585561f9,pcdiveclub
6307c962e2fc26555519d069,normoxic
6307c795bfba6f09ac6d08e6,normoxic
63064024e4315d726300ef57,normoxic
6305522a9ae41b68d7667538,pcd10%
6303cca28532177a9511bacd,normoxic
6303cca20f16eb54fb22d832,normoxic
630106cc69a7343d3645fc59,normoxic
6300df621b85c227653116f1,pcdiveclub
62feb6ad54828b5f6257f4e0,normoxic
62fe9ed41ee09718f01adabb,normoxic
62fe8c456b517f03fb29c560,normoxic
62fe779c060b8e163509a3de,pcdiveclub
62fd51fafbab89183f7e053b,normoxic
62fd209567a58124826bc030,pcdiveclub
62fd1e2dc91ffe162424062b,pcdiveclub
62fceeeb2bb3ad069e40cdb6,pcdiveclub
62fc015401d8b677352636e8,pcd10%
62fbfd8180b0ae7bf433e406,normoxic
62fbe76078faab73a9543419,normoxic
62fbe72d5886a359304158d2,normoxic
62fbe6fd62d8ac59c9438ed5,normoxic
62fbe6d97a72dd4eab066730,normoxic
62fbe69879f2331067588b4c,normoxic
62fbd80c5749111537126395,normoxic
62fba3320a67784b4550956b,off%50%off
62fba29c79ea1e3d2a04cdfb,pcdiveclub
62fb8fcb47462f0d5b1cbe62,pcdiveclub
62fabf3685ba181f0471b98a,normoxic
62faba5c54c62234a33ec86d,pcdiveclub
62fab0d4a3947353cb1896b0,normoxic
62f82e0c614d9c7d0247d070,normoxic
62f6dd53dd5fdc12e50b243c,pcdiveclub
62f6ae9f21ddb2010a41a617,normoxic
62f6a7ed6ce410159166bb45,normoxic
62f6a7ed1e6fe55453450964,normoxic
62f6a79f9ff60b4c177ab033,normoxic
62f6a77fcaffb6695a5b007f,normoxic
62f6a734296f76062a034388,normoxic
62f6a62938f01072284ca462,normoxic
62f6a5930f4e9b57b3313d20,normoxic
62f68d50e6bbde5734284513,normoxic
62f64a0b2bbf7b2c4429edf5,normoxic
62f5721fe8b4a8025e543cc2,normoxic
62f53a871c20d563ef254b17,normoxic
62f53a528765c544881c6e49,normoxic
62f4f80d4653b360640e1d33,pcdiveclub
62f414b92eb9081fb240051a,pcdiveclub
62f2f69f6c5d2876d722027d,pcdiveclub
62f2f533ba5d0757de11673a,pcdiveclub
62f2c9e73aa88439eb5b4ecc,normoxic
62f1ba69bb07181851301c84,scubafamily4life
62f1958d29e1b405ff415618,normoxic
62f1889e79f6165a5e3289f5,normoxic
62f14bad090840334b6b7cf1,pcdiveclub
62f04fe9caf2b934ae569cd8,pcdiveclub
62efcf048a2b2e642054a433,pcdiveclub
62efc8c48c1bb1150a60c15f,pcdiveclub
62ee81bffcc38e5f830d06f6,stayhighbayhigh
62ed768d6bfe8657544289b0,normoxic
62ec518b1676fe72b01b8ab4,normoxic
62ec3952cfa04a5bdc76bd5c,pcdiveclub
62eaf04bacf3d27e5e101fa4,pcdiveclub
62eac44509b0bb13122351d1,normoxic
62ea96ff6e92646b6b01dd80,pcdiveclub
62e9ffd127476b48062e6413,normoxic
62e9d9d358aebb2f0e71112a,pcdiveclub
62e9b11c759c0c663c116154,normoxic
62e9b0f7724af434a31d64bc,normoxic
62e9a7288236bb47c030d005,pcd10%
62e9860d87028d67355cf431,pcdiveclub
62e7d75ce915926a50181846,normoxic
62e7c51d8d5d8e4588558772,pcd10%
62e7c51d6bce1a507447fe8e,pcd10%
62e5ba5250ff5978e60cc65c,off%50%off
62e51e19e3ec742b0b6993b5,pcdiveclub
62e42e82e7e5f218df661890,pcdiveclub
62e429a32214b54d4d35a563,pcdiveclub
62e40c892ecaf015b3248cfd,pcdiveclub
62e3dedb353c343586652df2,normoxic
62e3dec715df4924e3441d2b,normoxic
62e3ddf36cae876aad0a0715,pcdiveclub
62e2c0c567dadb4fa02bb019,pcdiveclub
62e2ac0ab41fda6e685136ec,normoxic
62e1cc640dcb734ee52e275d,pcdiveclub
62e181448f66c7055a640480,pcdiveclub
62ddae09979fe6454f1039cd,normoxic
62dda24441771a6c82482afe,normoxic
62dd857a1d43582b9c73f702,normoxic
62dd6ab40a6e6e42783229b0,normoxic
62dd4def19d18e21a6333c0f,normoxic
62dc51e4d3f3f700a0332320,normoxic
62dc45784b46f0514915a45b,pcdiveclub
62dbee8b4a892f7a207686f2,normoxic
62dbee5624a62c61ab36f26c,normoxic
62db1b6f5d32fb146d1ce997,normoxic
62db05a079425a49cf76c591,normoxic
62db01990fb3f47170782f1c,pcdiveclub
62dae2fea7c37105bd5b8b12,normoxic
62dae196765eaf18457b45e2,normoxic
62dadeb3ab92f112be0ebf1d,pcdiveclub
62da010fd4e7523863498a9b,pcdiveclub
62d9ffebf17ec46ae34fd2ff,pcdiveclub
62d864cc73d3d5575e5d9177,normoxic
62d826225ca098793d40f5d9,pcdiveclub
62d824b5433ee464d51de822,pcdiveclub
62d755d301b720128c4e0ca4,normoxic
62d5842debf2ba7ddc20ebf6,normoxic
62d2e803a6484b040274d457,pcdiveclub
62d1bb681ad2a35a50666de1,normoxic
62d18a249dba1d3d2e58551b,pcdiveclub
62d0adfd11b1172f2e6a25b3,elearnt
62d09b092de53510764aaee9,normoxic
62cf691fa6da7c13cd56e0f8,normoxic
62cefed2871ff904a65e94c0,pcdiveclub
62cda40f499054477f77e402,pcdiveclub
62cca9ac9844d71bb228bc4b,pcdiveclub
62cc8a30c737e0698d5f41a5,normoxic
62cc86bc5b1fae37ee5480d7,normoxic
62cc85b1f69768275d78cbee,mkneale
62cc329ef2ee5f00060aa6fc,normoxic
62cc303aa1ed6d137d3885f3,normoxic
62cc301f74f7d77e951d4d27,normoxic
62c993ae92ec0d3c64626ec7,pcdiveclub
62c89a20575313177f237b7f,normoxic
62c82eec1efaa464697a9b22,normoxic
62c75dcc232e8153340858b0,normoxic
62c75d10f97083375545bcc9,normoxic
62c73358876ec1547e0de72f,pcdiveclub
62c708eb63be185e48750362,pcdiveclub
62c6ef6ecd262728263bc3a8,pcdiveclub
62c6d55715cc8675271d26a3,normoxic
62c63453fabcb332e17b4082,pcdiveclub
62c5fa4b2b0a5e54a7532ab7,normoxic
62c5e0df6e828d328133c3aa,normoxic
62c5e0c0b45dfb3fc25c51c3,normoxic
62c5ab68b48e030495538d42,normoxic
62c57b9490e2332e2108d2c2,normoxic
62c46d1159030709cb245712,pcdiveclub
62c468f659ea7b2bd97cc026,pcdiveclub
62c44dad3d33715f8873fb08,dallasbday
62c21fa6fc42856f6e674a34,normoxic
62c21f6eb8b9fb017d621191,normoxic
62c2104a1c74fd360167c294,malphurs
62c20e952fa26a496b4011ea,pcdiveclub
62c203793e99d345162f5862,normoxic
62c202177106380ed96259d0,normoxic
62c1ee20302aa2600523fc1b,normoxic
62c1ea4b98b7ef4e123e960f,pcdiveclub
62c1d6b8c234ef5591798d79,pcdiveclub
62c1c778df18d7702168cf67,pcdiveclub
62c1b0ef5b2386281a60cf87,pcdiveclub
62c0d6f7bd2691125423c229,normoxic
62c0bf2d5c0b73390c5d26ae,pcdiveclub
62c0b0cae4738a36b313fe67,normoxic
62c0abd9d120e64bb533c5b2,normoxic
62c0a1e4f28f3764685ab066,normoxic
62bfc4973c69bd79be3f9c47,normoxic
62bf3fc62d9e5f41a82578ff,normoxic
62be306b2678d2286d0ac42b,normoxic
62be1b59bcb6fe32ea115cc9,normoxic
62be1a36f64c0f6d2c1beb5c,pcdiveclub
62be14c7d5c5084b973bfd36,pcdiveclub
62be14c79518c43b97305a69,pcdiveclub
62be13c1fd08b930e227bca9,normoxic
62bcc4d7537500612509b75a,pcdiveclub
62bc7a0136d8451ada2b153e,normoxic
62bb7cffb0412a3dc71d1af7,normoxic
62bb7cff354dea262e173dc2,normoxic
62bb29f439d63104ac329446,normoxic
62b89d923383ac1a9344ee0a,normoxic
62b8697fc53c471b7f041ff2,normoxic
62b78615b595d8277b4deecc,pcdiveclub
62b609e63502446387083764,normoxic
62b6055899337f6fb21e586f,normoxic
62b6041e824a2662c14179bf,normoxic
62b5fd0f9f8e5a1b2a045df8,normoxic
62b5f3c8541c5d1fb4662c97,normoxic
62b5e26deb01b936791926ba,malphurs
62b5c56eaec14f3e694783cd,normoxic
62b5b6d47b84a213b2128865,normoxic
62b3b9f268e55c22f248fb27,normoxic
62b33e0dada1e3042f0e5282,pcdiveclub
62b30f7427357c55c349708d,pcdiveclub
62b244fc834e3807470fc127,pcdiveclub
62b21cb36258250ca617869a,pcdiveclub
62b0afcf615a165f2b1555e3,pcdiveclub
62b080fb3a35ea39c54cb0df,pcd10%
62ae481219a13f64ad733e3d,normoxic
62ae47f333a9dd7ad63059e0,normoxic
62ae3f706cd4d66fd043bab1,pcdiveclub
62ae3d6020e6aa74677b403f,normoxic
62acd2caeba5da51a834932b,pcdiveclub
62acd2599245605f6108302f,pcdiveclub
62acbd167a1bcb38ca128929,pcdiveclub
62ac9b316ec17d6d1628d4ab,pcdiveclub
62abadcb72444f314160d6c1,normoxic
62aa7fb974c55d40ea26a497,normoxic
62a3b299fa3261766a0dc1fb,normoxic
62a3adc139f9bf6ffa03dbdb,normoxic
62a38a3c3c2899777e0cbdb3,normoxic
62a37fad7f7d445e1951cf9b,normoxic
62a2163ac68655256d3a639c,iamforrest
62a216101050ca10c361e5db,iamforrest
62a11ae940e5cb7ba51a5dd2,pcdiveclub
629e399db9c466646975cc01,pcdiveclub
629cd643ba1e656ef225b6fa,normoxic
629baf040c9ca072c552820c,pcdiveclub
629ba3deb2cc3907fa35dfb1,normoxic
629b3ff7367a060620383ba4,normoxic
629aa909f081c20c6e60d313,normoxic
629a78836f02431f574501f2,normoxic
629a69d433a09a47b475c642,pcdiveclub
629a2ae3a7487e26743d2237,normoxic
6297bb371250f530b60ea69e,pcdiveclub
629763638dd4b7520e409856,normoxic
62969c2ee471a70a38016f78,normoxic
6296598865ea6b48c96a29ba,normoxic
629659516541417d522b1576,normoxic
62965621f3c2b628c24b4e3c,pcdiveclub
6296368cd616dd629363bf50,pcdiveclub
629545eddbb3a5038b16a67e,normoxic
629544c90e36033211416fdb,normoxic
629543f6d4808763111ef64c,normoxic
6295422f82774727281b2696,normoxic
62952b0cfdb4b43042029898,normoxic
6294fdd98c72b60ade0dfc97,normoxic
6293ed84acbedf1241564c1f,normoxic
6293e09f15419766800fd1e1,normoxic
6293dffa666e34009a56269e,normoxic
6293de3cb48355126511816a,normoxic
6293ddee5f8f45056b6c0e43,normoxic
6292e635509b1f1e657fdfcd,pcdiveclub
6292d8b6abb4d8749b47cba2,normoxic
62923badaff446660a38e251,normoxic
629154195e83805edf3743db,pcdiveclub
62911e8d6e488e79a32b36ab,normoxic
6290f5b2a708f9030967a8e5,normoxic
6290d7a8827e71531a3c9593,normoxic
62900edcc5e7ad4a356ff0de,normoxic
628ff044f53e2231323cdb06,normoxic
628e87f20a941c5a1420ba34,normoxic
628e6bfa8ac55c5c407359b4,normoxic
628d301ab1180760ca36ddf2,normoxic
628d2ff38fe09c2d4e232718,normoxic
628d2f9891e9fa67c3700bf2,normoxic
628d281a9a987328c223a57f,normoxic
628d15383334d14cb06c9062,pcdiveclub
6289204b8f540c239f66074d,normoxic
62891f552f41977df32132d6,normoxic
6286b0c18fc48f6ded046ba3,normoxic
6286adc3a0fd917899637d40,pcdiveclub
62862c13ac8a2c4016038381,normoxic
628552e55e025e068b6d38d3,normoxic
6285217d32256f1a661d3b1c,pcdiveclub
6285139faa0b46781827a4d0,normoxic
628395cc6ca7cf50b35f6249,normoxic
6282b15f3c72977e38107075,pcd10%
6282aeae4fee25268614a91b,pcd10%
6282a26f2ea57b215a02de9f,normoxic
6281341a8669197d7779e47b,pcdiveclub
628133ad11075d49c1434675,pcdiveclub
627eec429551db6f4c6da7a0,normoxic
627ed0b599727c013829b8c4,normoxic
627eb0aa0d1f5a720610c5e3,normoxic
627e855195368816205e8546,pcdiveclub
627d947bb0ec5c215161707c,normoxic
627d94419d8f0841a126ac3c,normoxic
627d93e52a9b8c7150767cad,normoxic
627d8425ebc60224ef1ee0c6,normoxic
627d6c61bf59a0578e69353f,normoxic
627d445fb2f2ad22a9001d18,pcd10%
627d37afab8b005ae73ba26b,pcdiveclub
627bf5a1e3d09f06136d2688,normoxic
627b0e679b6c465da47a0b45,normoxic
627ac60ec9fbe526eb557e61,pcdiveclub
627ac40801467442fa2cc9fb,normoxic
627a9badc58cd748d72cd6b0,normoxic
627a99350d1a8a6d31343576,off%50%off
62782b25ee8fb43cfd75406c,normoxic
62781822659d2e0a72438d74,normoxic
627817e93bd7c21456258380,normoxic
62781733e04d477f9f5ba501,normoxic
627816d6c503e023514cf081,normoxic
6276d04a340a8d529915323b,normoxic
6276ccf6b70d7b1bc21487ca,normoxic
62769f7d8a17ef5da669c697,normoxic
627694a3ce2e542b20038d06,normoxic
6276948dc9711361321750bf,normoxic
62769471f845531333653c76,normoxic
627681d7a512c86b8647b2d0,normoxic
6275a68b9398b80ed25abdc3,pcdiveclub
62756fa4037e9d34192e6f33,normoxic
62756ef8ab7c7f4520054226,normoxic
62755c2eff3eed07e32822cc,pcdiveclub
627535d8cfdf9c5cd8193c2d,pcdiveclub
6272f3ee80a7166da31218f3,normoxic
627188aa39973419861cd82b,normoxic
62704f2671b09b3a645c54c9,normoxic
62704eff4235b7487a427eba,normoxic
6270333f0b376239c46cbdc8,normoxic
626d671154654b72f742bc7e,normoxic
626d6536b647eb4a3f27f354,normoxic
626d5fcfcf170e77ab0b2dcb,normoxic
626d5fb72060bc4a387a1430,normoxic
626d5f9f496cd20ceb372bb2,normoxic
626b3cf8a413785ea81c9ccc,pcdiveclub
626aef71f4b3b22a127b8734,normoxic
626abf110808a3011f619d6a,normoxic
62699cf137100c6fa04cea6f,normoxic
62682c22eb74d4325c7b9c56,normoxic
6266d17181e818361a5bd39d,normoxic
6264b8466330f778112b4962,pcdiveclub
626448c835b72e36fb60f212,normoxic
626447dd1a99774c7152a9bd,normoxic
626447adc0ffb83325430884,normoxic
626447480039481edc2a8531,normoxic
6264426697932f0cf124dd03,normoxic
62643dd38c8dbb60e0089e0a,normoxic
62641c9d98c15e595c649b26,pcdiveclub
6261971f2895db144e4bc7c3,normoxic
6261942c869856684c02580e,normoxic
625f3759128993420e146e26,normoxic
625f371dd7b73606ba5ac25f,normoxic
625f2c13994c7d728923306c,pcdiveclub
625d9ab60d6dc169d73220e0,pcdiveclub
625c65f781cc217fbf30e0dc,normoxic
625c0bb7978a046f7c2bacb7,pcdiveclub
625b5360c3549637aa4ded05,normoxic
625b312488b0ae36371270b6,pcdiveclub
625b2a2797f0d233f304722a,pcdiveclub
625b1e9da480417208245d95,normoxic
625b1af1b60fc4020f2e2335,pcdiveclub
625a055a4e37467fe14d4382,pcdiveclub
6259a29bc7e07c33ba4a7aa9,pcdiveclub
6259759d1fa73f29891f832b,pcdiveclub
6259656cb04ef37d6e662ad6,normoxic
625824ae8b3dc15e6b59acb1,normoxic
62570af6c7f95a09cf2935b3,normoxic
62570ae020389622fc3d4b66,normoxic
6256d4ef053a6428af0d1261,normoxic
6256d42627ff406cd85f5d83,normoxic
6256d267e99974486c69a4d5,normoxic
6256d1f6a1867837ae3bfb82,normoxic
6256d0db7fc3273fb854b447,normoxic
6256d0bab7114a530065a9bf,normoxic
6255ab53178ce1189419a1df,pcdiveclub
6255aae96fef2c3b611d6991,pcdiveclub
6255a435bb54b7394e646de5,normoxic
6255a3310bccd05f055315da,pcdiveclub
62508721040b485fa7411bac,normoxic
6250870b5b028e72ee2ad449,normoxic
625086e0f46c4c2dce3cca72,normoxic
624f47166a204c16d47a0bb5,normoxic
624f359c092454616911102f,pcdiveclub
624dab0e0817ed4cca616797,normoxic
624daac380b3c55443638110,normoxic
624daa953e3d5e5ac85e9afe,normoxic
624daa07326b760ad372a580,normoxic
624da8cae97ada07265a3264,normoxic
624da6aa8d65fd4bb04329b6,pcd10%
624da687eda73368f2103472,pcd10%
624da670ee9e4464620c7c7f,pcd10%
624da63a8e1b0503280e7c5a,pcd10%
624da61a2f79a26327764323,pcd10%
624d97092f79a26327763a4f,pcdiveclub
624d96b979c1563e452093d9,pcdiveclub
624d9671ab152a7781108dc6,pcdiveclub
6249ad58a075be0da71ff4a3,pcdiveclub
6248d842bca9500c1206c837,advancedaddon
6248a493cb8da32bb5413613,normoxic
6248a006d610142abd73bb00,normoxic
62489dcd502a8b318506aa6b,normoxic
62489c0f25baf41f381d5e00,normoxic
62489b8f56dab171566b693b,normoxic
62489b54022cf93ea81fc761,normoxic
6248968c1c06c977d21debfe,normoxic
62484e6ab9e0485ca86898b4,off%50%off
624799f20341110c4a3347a2,pcdiveclub
6244bdd4d0bd672db2166b65,pcdiveclub
6244bdb3b5b23625c951d29a,pcdiveclub
624211d91c4cdf786345d6a6,normoxic
6242112fc165096b0c0a8c71,normoxic
6241fd04016a913b6a43a963,pcdiveclub
6240aeb49599f7623b2aa110,off%50%off
623f52656474bb22190b91f1,pcdiveclub
623e2c002aac461dcb2baeb8,pcdiveclub
623bbda084e3e500744829af,pcdiveclub
623b885ec16277456800d4ff,normoxic
6238cc736a6c3f56a958c928,pcdiveclub
623747198fb4624cf967d3d1,normoxic
62373d539979d94f961e75c9,normoxic
6235dcc57e99221d41362b03,normoxic
6234ea19d534595bd50d160c,pcdiveclub
6233a2a12053780a46227b1c,pcdiveclub
62339a152018d573381dedeb,$100$one$hundred$100$
623398e983dd35134f5ae23d,$100$one$hundred$100$
62334f7da5ceae5b73663ddc,pcdiveclub
623104842035e67a331fd62f,normoxic
622f9eb30175be73c7685cfb,normoxic
622e3958e74cd605060f0256,normoxic
622b9e29271b464fa129eed9,pcdiveclub
622b8bed2051ab3596041221,off%50%off
62265d4145f62b5e8e511436,pcdiveclub
6224e4f899e03a326d47b7ac,normoxic
6224e4c14396865fcd0f0701,normoxic
622141f98d24cb20ed76fe0e,pcdiveclub
62212ac0f6b42a1f1368a0a2,pcdiveclub
621fa9d76f010e2c806eb1d6,normoxic
621e8e95232eee029b081622,$100$one$hundred$100$
621be0654b75237e334e36df,normoxic
621a933e8f63475edc22ca57,pcdiveclub
621a932141c2cd7796038ea6,normoxic
621a84cd3fe26c01ce7f9c6a,pcdiveclub
621948034141637eba4e3dfa,pcdiveclub
621922a316a5fe7b6e674284,normoxic
6216b0caf7e3c27da34625c0,pcdiveclub
62111ff7ee924c472d4ec28d,delles
620ffefb89868e0ca93205a9,normoxic
620d3beb40928e2833384b73,pcdiveclub
620d165a1823b95e7f076cb5,pcdiveclub
620542b3e6f64527105f02a8,normoxic
61f6e9099a888435fc3c1e31,pcdiveclub
61e9c73220a0422e2d1f8a7e,thirty$off
61e99b97986dbb4828505672,pcdiveclub
61e995e92bd25a552972c59d,pcdiveclub
61e88e94c6797568446a32fe,pcdiveclub
61e6d6228db0434fc27998ce,normoxic
61e5dde405b34d055c0b9547,normoxic
61e31a5a32f35063817cd9b5,pcdiveclub
61e1f04336d2c210fb1c4487,pcdiveclub
61d9eee77732571c31071228,normoxic
61d9ed630a62804003212a3e,normoxic
61ccc7c92b08e31fb50c1111,pcdiveclub
61cb7e0a7ddfbe7c6514b240,pcdiveclub
61c9f43b5a49e47b7746bfaa,normoxic
61c9e66f12b8460873072b9c,pcdiveclub
61c9daf92378e36c361848fc,pcdiveclub
61c118345f3ed4588c047ec0,pcdiveclub
61c0e98c66b29e32c9757bcf,winter2021
61c0e7ba8aa205059e164f26,winter2021
61c0e25459b4ef2fc7472059,winter2021
61c0e18ce6da4c508d4553c3,winter2021
61c0c6fb516d5d515b42d833,pcdiveclub
61c0adbc4170164e3f664e84,pcdiveclub
61c0aadb31bdef55316f198a,pcdiveclub
61ba4ffaac4ccc7758772fc2,normoxic
61b8fb2027d9c455975c19d0,pcdiveclub
61b7c9bdf62c05081a7b83a8,pcdiveclub
61b5046c42edf01fe16653d9,normoxic
61b50451c049150137188e78,normoxic
61b0db1f3cd2d239d06a2535,mkneale
61b0daae9f4a8573cb06eb6a,mkneale
61ab75e50b23302163146651,winter2021
61aa5d3ba399307a225921ae,winter2021
61aa34244d8146418811b550,pcdiveclub
61aa33b99fc8c15f6907faf5,pcdiveclub
61a12ce25dac0d60331d40ec,pcdiveclub
61a1064e961a9705102cc358,pcdiveclub
619e8088b5579a68be43db49,pcdiveclub
6197eaad3e441535ac625221,pcdiveclub
61940a68cef66006fc31f318,pcdiveclub
619338feb5bc0a00b7067ba2,pcdiveclub
6192996ca10bae3688219cc5,normoxic
619299488fb5020c260886ce,normoxic
61918b5ec36a7137ee086334,pcdiveclub
619045fdab76012e5152a172,pcdiveclub
61902b9b1c84924ebe464fe6,normoxic
618f1017088da264853720af,pcdiveclub
618bf06cd1e2b45e861b9fb7,pcdiveclub
618ad478f37c8a62ce5a9718,normoxic
618ab4febcf8f44b614f0cff,pcdiveclub
618ab4b434db1941343c831f,pcdiveclub
61881e4b5da4c479822c0294,normoxic
618579481f5ca90ebb04348b,normoxic
618188e6617e854ac12ef85b,normoxic
617eed1159e3791fb54221fb,normoxic
617318b9feb74b3d2143cae1,normoxic
616deb63bc87d50cc83b1d74,normoxic
616de994f26366147633cd60,normoxic
616c9215b28dde3091017e5b,normoxic
616b17e0c34f304d6a6d1c4b,normoxic
616b17ba9d8b0e7e127c0b46,normoxic
616b17933ac1cf62dc68ea69,normoxic
6167990f19b3db14b220bf39,normoxic
615f7e650dd6f21a656681ea,normoxic
615f7e184772195350486995,normoxic
615f7df39c77b353225e1308,normoxic
615df7802bb7e1313c5b4f3e,pcdiveclub
615deb67e4eb8977ba5088b3,pcdiveclub
61565b83ecac61655a4e686d,pcdiveclub
615618d61e0073632d7b7445,pcdiveclub
6154a62acaf512065071d275,pcdiveclub
615381db9a1e172a12099fe8,normoxic
615372bc7c7cef57d07a470d,pcdiveclub
61535f3352902d6fcf76b918,normoxic
6150dde3b961d64fd7671381,tanburn
61507ed0efa7163e833dbe3f,pcdiveclub
61507a87b776092d386395b4,pcdiveclub
614e17b909ca521536022021,pcdiveclub
614cc20c76d0780cd97f4bc7,pcdiveclub
614caa39554ec13bbe33b93a,pcdiveclub
614c9d7fdd78e92d1d469438,pcdiveclub
614b95bd80994b266d6fdbe2,normoxic
614b762c2f805540352a8717,pcdiveclub
614b37cacf3a0a34332d9464,normoxic
614b2c43253772032d3241f2,normoxic
614a59b52f802901aa44182f,pcdiveclub
6148cbed16d1481c531a5702,pcdiveclub
6147bb40e09d4c3cdb0942a0,pcdiveclub
614662109f290272b91ed623,pcdiveclub
614638feb2f8c5080c488998,normoxic
6146190aff5a706e6a6fc7d2,pcdiveclub
6145e55db8db874afe7a0137,pcdiveclub
614498a5f89d5234303a1a9e,pcdiveclub
61424010034a796e9323a233,pcdiveclub
61423f61cdd21d27f7559726,normoxic
6140e5eb9194fb7e5d1aad89,thedive
6140e5b357e72942d62f1bb1,thedive
6140e28263e0de03fd42b57d,pcdiveclub
613cd44595e73a398e570fa2,pcdiveclub
613cd44595e73a398e570fa2,normoxic
613b5aecd786881ea66c0724,normoxic
6138bc218b784731ab67b8c1,normoxic
61369619077ff1642c6819fb,normoxic
61354a326619b2452c580c93,pcdiveclub
613433c1c0b4e20c771cf5f7,normoxic
6133952acfeffe7ea67346a9,normoxic
613392b159c72169b42ce509,normoxic
6133768876a0fe25911bfaf2,pcdiveclub
613279653934801d3f25dc0e,pcdiveclub
61323a76d1bc5001ae148f66,pcdiveclub
613237f2906a93797537f06e,pcdiveclub
6131688e33f42d3dd3568ae7,pcdiveclub
61313c281f283b7d6a6ee371,pcdiveclub
612fa58975bfe97745524e74,normoxic
612f8e8689fc57761c108285,pcdiveclub
612e920f17b0fe77a911bf58,advancedaddon
612a7ab49d25d90b03289090,normoxic
61295d010f0d506aa11e2112,pcdiveclub
61281c2d0f9b732369280dd6,normoxic
612807a8a2b05c7a3d2f81fc,pcdiveclub
6127fc8ec398ce7c5c364851,pcdiveclub
6127d76624ed52618e4fe0f4,pcdiveclub
6127cf6b58daf45482283b57,pcdiveclub
6127a44980093901345984c3,pcdiveclub
6126f3ab9693ee323672dcee,pcdiveclub
6126a5874a720b622a2ce449,pcdiveclub
6126a3688c872a69191bdb4f,pcdiveclub
61264aaf3131e62a9f188faf,pcdiveclub
6122cb6f07753a40e83830d8,pcdiveclub
61229bda10cbf831fc4e0f27,normoxic
61217800aa94b768b31e5713,pcdiveclub
6121462ac62a7955e92abd9a,pcdiveclub
61213f7c21d86d64a062f8a8,normoxic
6121360d790411018218a496,pcdiveclub
6121311048243477c514b090,normoxic
611ffef572e5c057a218169c,pcdiveclub
611ff98033d8e9306c5b064d,pcdiveclub
611fe559db1afe31d84946eb,pcdiveclub
611fe2c283c9b676d42fd1a9,pcdiveclub
611eafdb60b94f42810e6008,pcdiveclub
611e95f2d62dbb2cda6dd2f6,pcdiveclub
611e64cfe0ad38041978f434,pcdiveclub
611d8f285564da0fda197a64,normoxic
611a890395545351a2333479,normoxic
61182a713ba1a31b2d30add5,pcdiveclub
611802c529c656201330710e,pcdiveclub
6117e7020201b4796e4624d5,pcdiveclub
6117e1c14a1f24765370fc05,pcdiveclub
6115a52533341e382944e532,normoxic
61149bca3e459e04a25e29f9,normoxic
6114638cd36106278f7facfd,pcdiveclub
611412fee219615fa978986a,normoxic
6113ffb51e947e1c1e042665,pcdiveclub
61126c1730a5e7559f07ee3e,$100$one$hundred$100$
6111c260478b3a09a2388f8d,normoxic
61117f083e157e7bd81cdcc5,pcdiveclub
611129c177a3b03e7b3b3037,pcdiveclub
61107c686c7e8f717130e95f,pcdiveclub
610eba5bfde67e31ad7ebb49,pcdiveclub
610dad03c49a580b295251b9,pcdiveclub
610d9629938fab186c41c242,pcdiveclub
610c2d1b9e6b4427590484d7,pcdiveclub
610c19666b25b128ae1b0a32,pcdiveclub
610bd509f16ba31ea275770f,pcdiveclub
610b29033cb65b4fa06651a3,pcdiveclub
6109b8f6f53ed52aa4310fde,normoxic
610878eb92a47e2b1c457003,pcdiveclub
610469f366e2013570627411,normoxic
6104261d9247b964ad6ba356,pcdiveclub
6103f79330826d6d8a6aaac5,normoxic
610322beab86e21fae3b15fb,normoxic
610322b84f3d7472ef447b67,normoxic
610322328cb8fd61f6453e05,normoxic
6102ee536cb5273d7a681ecf,pcdiveclub
6102a78a78a449154904bac7,pcdiveclub
6101c51934b1cc4fa342fd65,normoxic
6101ac022112fb7cc11448aa,pcdiveclub
6101abd500facb3fb147284d,pcdiveclub
61017f9cdf6813350433e203,normoxic
610040878b8e597ac6516d23,pcdiveclub
610019ae98be234ecd043437,normoxic
60ff20154e8e3d23115200bb,normoxic
60febba2be25903c5c0c8730,normoxic
60fdb7e8aafd364589568248,normoxic
60fda21c2595746bb53842b4,pcdiveclub
60fd500d8551ef5714683962,pcdiveclub
60fc5bc75441bf19bf33ef01,pcdiveclub
60fb3e04e25831344e004186,pcdiveclub
60fb39196d6b5b7d972a4041,pcdiveclub
60fb068265c603325561f7c1,pcdiveclub
60f9ca3efae8351aee75c93c,pcdiveclub
60f9b82fe8715e2a4b5d0bad,pcdiveclub
60f9b0df64a59f16631be959,pcdiveclub
60f9973729177f072441f476,pcdiveclub
60f98fb33558b268424c07e2,pcdiveclub
60f8cb5b397413067269e9e4,pcdiveclub
60f87b91dbf6ac22c17209e4,pcdiveclub
60f8783bb11ab465b0741e45,pcdiveclub
60f84d0bff229f2ecc5c7ec8,normoxic
60f831727f6dd20acb6cb951,off%50%off
60f8317138f00a02c153235d,chatscuba
60f83156313dc04336247f3c,chatscuba
60f732923b9379033f533e77,normoxic
60f62449ed957e1cfe015969,pcdiveclub
60f4e55a4f35bd0bb408f9f4,pcdiveclub
60f4913cd0ebe603134a7af4,pcdiveclub
60f47bb848e10031e9589c35,normoxic
60f1ed98463e2820b71be213,pcdiveclub
60ee1b5f3486095e1c74becc,pcdiveclub
60eda1c3ffd8ac3074587ace,normoxic
60ea28935740a74e23685fb6,pcdiveclub
60e99c145b97ee50f12970e1,normoxic
60e9901114a0890c5070ea38,normoxic
60e8daa3df190a44cf4069a6,pcdiveclub
60e83bd01b88f0535c63cdbf,pcdiveclub
60e836dc2c0658539747e8d1,pcdiveclub
60e801c76151e814b81b4190,pcdiveclub
60e76201f7c2b7319f0b67c1,thedive
60e76201f7c2b7319f0b67c1,normoxic
60e760f72746290f3834d368,thedive
60e760f72746290f3834d368,normoxic
60e7280a32c6eb1a4b26ab8c,pcdiveclub
60e717fb69fda62d44280ee7,normoxic
60e6091fa7780e7c69158324,normoxic
60e5e413c2dc5216db3bc2a7,normoxic
60e5156cd5179d07f05849b4,pcdiveclub
60e4cff40c9a87466465a2fa,pcdiveclub
60e49dc02e6e4643e5452bfb,normoxic
60e49d4d3a1d8c0af71d171a,normoxic
60e499a965795550dd0cc216,$100$one$hundred$100$
60e3953f18c4c561ba6ec477,pcdiveclub
60e314c897bf160f7d67e4fb,pcdiveclub
60e21497f23a1e708147035a,pcdiveclub
60e200c03c62bf20933a4abe,pcdiveclub
60e1cefb654acc362c24c2b5,normoxic
60e1c42401ac245c747dff78,normoxic
60e0b908a1f1d5777e3dcc8f,pcdiveclub
60e06048c209381fa66a7a3f,normoxic
60de1868dd8648062c5ce710,pcdiveclub
60de0ac48ed4be53f30c514e,normoxic
60dca8a0287e6240e119465d,normoxic
60dca812c849e744e620fcd3,pcdiveclub
60da6c8816fcf407383c1548,normoxic
60da44dd72c7841d75341ba7,pcdiveclub
60d8cc946828c2483f6021d2,normoxic
60d8c9281caf8c15b17249a7,normoxic
60d87808e3e30c6a0a0ac883,normoxic
60d877b0e2323d55915385ec,normoxic
60d8610d9e65be71377932af,pcdiveclub
60d7a2d0da62cb03d07c828a,pcdiveclub
60d7a03085444e05fa512f4a,pcdiveclub
60d779d16fffa30e844f207e,pcdiveclub
60d5e3ce9c5359691c059777,normoxic
60d4f25e94aaa95a0b448937,pcdiveclub
60d4c6ad91a7c7080932d86d,pcdiveclub
60d4a30cd351c4440c01e124,pcdiveclub
60d4933c85fbfe0bb104ace5,normoxic
60d489b5c2a6722b3c445f7d,normoxic
60d4882c1e4c0342052f39fc,pcdiveclub
60d35c33bf95010fa6208e6d,normoxic
60d33490967493798e6e4a8a,pcdiveclub
60d0bd0ccc8a7945e078c1fc,normoxic
60cf4de822e2fd6c8f177bcc,normoxic
60ccd3cd4a6510670146226f,thedive
60ccd39ffdd8c90dd86f19be,thedive
60cb93b01b168108213bdcc1,normoxic
60ca11479de6a44dea234472,normoxic
60c8e12fa00133221d627270,pcdiveclub
60c6c021b725b9152101d751,normoxic
60c662645f11544550310aea,normoxic
60c63677619535755553cce1,pcdiveclub
60c2b135ad21db365d522320,pcdiveclub
60c24cd678ce4a17423a137b,pcdiveclub
60c162717f78ac212c664a74,pcdiveclub
60c161faf6d066325d5470c2,pcdiveclub
60c13e83c7a8bf4ff67560a9,pcdiveclub
60c13e21d6f9f84ab4753395,pcdiveclub
60bfa8beed5c2f629114e9c3,normoxic
60be5620197a610dc528dbd6,normoxic
60bbb34efa048c5442507b3d,normoxic
60b9718f7540203f91057829,pcdiveclub
60b4f2d729557c0b2968b0eb,pcdiveclub
60b4f1bfbfc2ec16573da251,normoxic
60b4e6b972b6e04cb51a6709,normoxic
60b3da2d1d4b1d7cd0561f4b,normoxic
60b15756fd59c11adc5f9a7c,normoxic
60afe0265d13d43f8a351b14,normoxic
60afdff2f2bc93202e246ed5,normoxic
60afde1ef3fb0b3c2558d519,normoxic
60afd7e4b4f40209275406af,normoxic
60afce1381f39979ed041138,pcdiveclub
60afc6c3cae4173012679ff2,pcdiveclub
60afb9faa3a3781d9c6b1456,pcdiveclub
60afb9b8c50ec43fbb0f5f9f,pcdiveclub
60afaaf2e5fa882218278568,pcdiveclub
60afa6a9e715c92ebe1da69d,pcdiveclub
60afa0039e956b34ce56dfef,pcdiveclub
60af9ee38522f4040b23ba12,pcdiveclub
60af9e0e704d0e76411d1062,pcdiveclub
60af9b546c80004d6975c836,pcdiveclub
60af991962e63b316731dd19,pcdiveclub
60af978c4b3c3a74c223c772,pcdiveclub
60af959b11347852764131be,pcdiveclub
60af86d294dee244dd4b469d,pcdiveclub
60af85eca64ce43f441de6a9,pcdiveclub
60af7e8361d1d8733e6bbb42,pcdiveclub
60aec9ab650b035e09043459,pcdiveclub
60ae7987b0a967396a70f86b,normoxic
60ad7f5380b411531b25b66e,pcdiveclub
60ad428054365119a0606e27,pcdiveclub
60ad218635c9995e395a67fb,pcdiveclub
60aa92de1a3dc032eb566163,pcdiveclub
60a7be278c77142d817a1bd3,pcdiveclub
60a679828303ed6ac50756c5,chatscuba
60a6784b72e9900d3606636e,chatscuba
60a5417add080c6e6b004f78,normoxic
60a18695fd866e5bc01d5b83,normoxic
609e6bf4015f351da220d757,normoxic
609e6adbaa335e679661a8d6,normoxic
609d831b6b60b1158314d05e,normoxic
609c0621033fb253af1fdb47,normoxic
609c05ced92fbb59df242064,normoxic
609be8723107eb0a0215327b,normoxic
609b25b6c5fe0c5ffd2e360d,pcdiveclub
6099572e15e6c34ef02ffdeb,pcdiveclub
60993dea447fdc0eee64e125,pcdiveclub
609858a6ca040159fd1cab6f,normoxic
609827b4c305440d3e32f17b,normoxic
60981dc6e551ee49bb4cf52d,pcdiveclub
609178d9516a2179f6505806,normoxic
60903d5a4bff0c17940fb2e9,pcdiveclub
60903d5a4bff0c17940fb2e9,normoxic
609037d40283ff625265547a,pcdiveclub
608ec6c5d5ccea3e9079abdd,normoxic
608d6d602d56cf0189401d2b,chatscuba
608d6d3aaec8430ae37cc8fa,chatscuba
608c2e8aac7c624212188588,pcdiveclub
608a248f5ad0f77f9217b1c0,pcdiveclub
6089c0cab87f5c6cef6ca44a,normoxic
60898cb07e81b34ae72074f0,normoxic
608989b6963c6f724d5eebb5,normoxic
60885453fbb7cd09f66ca394,normoxic
607d937953abeb5455553b2f,normoxic
607700effce4b70c6459ca24,pcdiveclub
6074821b66b16300572d0728,pcd10%
607070e6ddd30637232713ab,normoxic
606c5a8bef4541445e36737b,normoxic
606633e0116ef55a5e091030,pcdiveclub
60608163c5d8487e5b2bd8c6,normoxic
606080d7371df0203e50b43b,normoxic
605f9ff8a16bc602a95c6398,normoxic
605f91252fd43e329a2f88dd,normoxic
605a6c82b02e743e9c16be30,normoxic
605a4d43f25d6c6a0510ff47,normoxic
6058cb99eff3d8261708a28d,pcdiveclub
60520c1e63d8c61f9115f6e4,pcdiveclub
604d335e6deb4b0e5e1f6cef,$100$one$hundred$100$
604d330ec659c010a225c04d,$100$one$hundred$100$
604c1ffa581997340d082fce,pcdiveclub
6042aeb8f1c2e7707f0520d5,pcdiveclub
60425dab977c4e599c411d5a,pcdiveclub
6041949de05438677e1b8dbc,pcdiveclub
604193ba5fecd31e8d474eaa,pcdiveclub
603eba01b05f3825956402f9,pcdiveclub
6036bce2b636537b33718c94,pcd10%
602ebfe715974e4775114ee0,normoxic
60282a4fb10f1b7e712f1040,off%50%off
6028167c88669b380f62ec27,off%50%off
6025788bededd12fd16fbc27,pcdiveclub
601edbd49f7ea46bb774c5e4,normoxic
600b29ab0afcf633ff550686,normoxic
600300275b3e1575800f1045,off%50%off
5ffb53d31d6fda385454a99e,$100$one$hundred$100$
5ff62e38ac7ccb433b4372c3,2021isgonnabeawesome
5ff62c18bf9f70328f50c78f,2021isgonnabeawesome
5ff5002ee32096426531a96f,normoxic
5fee34bd067ef7483b29cbfc,15holiday20
5fee1d563019d15606419065,15holiday20
5fece67de91579744c0353d6,15holiday20
5fecc42e740fb0230d5bfb6b,2021isgonnabeawesome
5feb64fa6dda59477938103a,2021isgonnabeawesome
5fe8eed3e9726c2215499ec2,2021isgonnabeawesome
5fe771fde1b37f521b6670cf,2021isgonnabeawesome
5fe24c47e15f952bc05ffb1f,2021isgonnabeawesome
5fdfad33010dec06ae0188c6,normoxic
5fdface3f2f64b11aa1b390e,normoxic
5fdf9830727194792d5ac4f2,15holiday20
5fde734bde4793227d0feabb,15holiday20
5fdcb76d2647c546c77d0575,2021isgonnabeawesome
5fdb99fa3db00f786c15599b,2021isgonnabeawesome
5fdb96d91295872b8913290b,2021isgonnabeawesome
5fcfa0d73d87320f247133c0,2021isgonnabeawesome
5fcfa0501841ed1ece51f672,2021isgonnabeawesome
5fcfa0501841ed1ece51f672,15holiday20
5fce69a6b27fc8023b4da3c8,pcdiveclub
5fce68ad62563926883a2d6c,pcdiveclub
5fcbfc14a453646f65615aa8,2021isgonnabeawesome
5fca6c1d07392413b2423960,2021isgonnabeawesome
5fc12b4b9c899f1f81062ae9,15holiday20
5fb82e99c8126d584662ce10,pcd10%
5fb82d0e669ace13bf199df1,pcd10%
5fb82ce5e1f0a34ff754a49a,pcd10%
5faec44b66b4e81d8a755d94,chatscuba
5faec3a9174c0b5ee42f92bb,chatscuba
5f8f21d406b15a756b49b170,pcd10%
5f8f1f7684ae19290a77808b,pcd10%
5f8b8fcec0f29e754d089b56,pcdiveclub
5f8761ea3fa2df3bb271fef4,normoxic
5f80590da112ea6901377f1f,off%50%off
5f7f539f020ca46854386ff6,pcdiveclub
5f7f536985bc5e5eb249f68b,pcdiveclub
5f7f5341e62518621458ac42,pcdiveclub
5f7f5319955c280baf2926c4,pcdiveclub
5f7f0c98eeefb63e5d17914e,pcdiveclub
5f7786e7750125101c2f344c,off%50%off
5f624a8b7db6c758d146ba90,pcdiveclub
5f6153978c2f3478a87633a9,normoxic
5f60d800abfbf57ad60100b6,normoxic
5f5d8121e9768535582ea3e6,normoxic
5f5adb0bea995b53276e5ff3,pcdiveclub
5f5acfe97aee1245c1783e4a,pcdiveclub
5f5a8128c5d70a37cc6328f6,pcdiveclub
5f5a64fdffc87e5125199d19,pcdiveclub
5f5a648ef44c3208bc0c6711,pcdiveclub
5f597dcb2d512147707ab61b,pcdiveclub
5f5977d14f903015ef24f2e0,pcdiveclub
5f595d3e0418c04bf73cd2da,pcdiveclub
5f58e0a671053c1f166d8180,pcdiveclub
5f5673928f4c501300565647,pcdiveclub
5f5532e83ae14d24582b0b52,pcdiveclub
5f542c12ce18cf28de01e699,pcdiveclub
5f52f1f528c52151b32955e2,pcdiveclub
5f529f6e2942de5eb607777c,normoxic
5f5234eba30e1357a9259acd,pcdiveclub
5f5196400a3efd2dbe24533b,pcdiveclub
5f4fe3073a9eaf464c6a93dd,normoxic
5f4e4e51c147e23b911d236e,pcdiveclub
5f4e47511876503e760883b0,pcdiveclub
5f4e45ed3935b3071479ab52,pcdiveclub
5f4e28035141384bf067a1d9,scubadoo
5f4e28035141384bf067a1d9,off%50%off
5f4bab631c859228da5e6b73,normoxic
5f4a9f2899926e61970be177,pcdiveclub
5f499c6bb082856d0d52e60b,pcdiveclub
5f3eef9f8dd4c6162c3c8350,pcdiveclub
5f3960f89a7b1e51f34e7547,pcdiveclub
5f39424b13a6213a7a0bcb56,normoxic
5f369ca5ef52db75c07d84f2,pcdiveclub
5f3567b5c33fe53fbf04603a,chatscuba
5f347626ad9c8775634df518,pcdiveclub
5f1dd3363910ca4e3356f518,pcdiveclub
5f19fa59c4e95b0f2b6ef61f,pcdiveclub
5f131b06e42d7209a9260339,pcdiveclub
5f0b554ff87dd3641f6c3c03,pcdiveclub
5f09fb992350fe74d674a164,pcdiveclub
5f08e3ba365dad5fcc6ce9c8,pcdiveclub
5f08a7aac0d96c378455ce43,pcdiveclub
5f0677b24957a806850fb2b8,pcdiveclub
5f022e637f29137edc1e6004,pcdiveclub
5f01117c7c1e364c3c466556,pcdiveclub
5eff7b53b9942a5f4800bbeb,pcdiveclub
5eff4bc9986fc910e84a8d3f,pcdiveclub
5efe85b0143151248028c04b,pcdiveclub
5efa51c45331dd506d340494,pcdiveclub
5ef9f6cb5fa32949b021eb05,pcdiveclub
5ef24ccf3047ee0bf019b58c,pcdiveclub
5ee8eb271928a45a6877b32f,chatscuba
5ee780173afeb1718610ba6e,pcdiveclub
5ee3b5ca0139a5032879b1a5,normoxic
5ee3b47a6de78f41a33125d2,pcdiveclub
5ee3a8096f009247b96ee8c2,pcdiveclub
5edfae4bc3ee1167d8036fa6,pcdiveclub
5edd6d0598f3521b764aaa15,pcdiveclub
5eda6cc60b8da302593170c6,pcdiveclub
5ed8301a50a75261ff3aa191,pcdiveclub
5ed5903a462bdc6d12348935,pcdiveclub
5ed2a4830a66d06b9c2a5281,pcdiveclub
5ed2696cf0a3917f4d4f7b8c,normoxic
5ecec0daedbe2f1f616e732a,pcdiveclub
5ece46a9123fbb46d512c75b,pcdiveclub
5ec7fe6cf6254040092e76c2,pcdiveclub
5ec6f89319cdab4e4e2d731d,pcdiveclub
5ec14c5535ab9e6d8e3ef343,pcdiveclub
5eb5baf712ee4250b053cd3f,pcdiveclub
5eb42e9815967e7af92d86fc,pcdiveclub
5eb34f734f8ff51e8f352cde,pcdiveclub
5eb34ef02c84e8662f187344,pcdiveclub
5eb2ebc69162e4672b394cbc,pcdiveclub
5e71406e2e785b5a445160e2,pcdiveclub
5e3dc3c5ad840f2bd601a0ed,chatscuba
5e3dc1ce9ccd8f29566977c1,chatscuba
5e364538f74bc01d2c05a08c,pcdiveclub
5e2b653e9c427d23972adb30,pcdiveclub
5e1de1179f1bb02b3d6f46a8,normoxic
5e1bc632ac371454243ff970,pcdiveclub
5e0a8720543873319e557ab5,pcdiveclub
5de2c26c789cfd501a77815f,pcdiveclub
5de03a25a1c669263e1730e0,pcdiveclub
5dde70a8b69e8f05cb0a647a,pcdiveclub
5ddb3508d635b1254261c7a6,pcdiveclub
5ddb33f932651b081c4afaf7,pcdiveclub
5ddae3a326539d63b14e8448,pcdiveclub
5ddad544b0684c24824ad053,pcdiveclub
5dd80202ae0b9a0338143ce2,normoxic
5dd7d49b81c89b265f085eac,pcdiveclub
5dd1d1a955f5752de22f7f2b,pcdiveclub
5db735cd0e6ba673052a7257,pcdiveclub
5db5e194df1d1d5772326e62,pcdiveclub
5db5d7df8d8cee683628bb20,pcdiveclub
5db5d6f1028b3b4bb24a8bb2,pcdiveclub
5db5a977a8ce3c69f95c63b5,pcdiveclub
5db36d825c230e31972a6227,pcdiveclub
5dab2e3cb70878127f4e9d51,pcdiveclub
5dab2d5c5c4c9978b36ef1a7,pcdiveclub
5dab2c8ea6d79a2e530e216d,pcdiveclub
5da386047bd13219ab4541b1,pcdiveclub
5da0f8043e0a690d910b29e7,pcdiveclub
5d9e58bd870c8e204621d449,pcdiveclub
5d9e4e8708b9a109080dd5d6,pcdiveclub
5d9c86dcf80a525ee618b9bc,pcdiveclub
5d9a5fd7c9829f5c06793943,pcdiveclub
5d9a312cab1cdf595c14c709,pcdiveclub
5d97a3785f1cfa6308545f92,pcdiveclub
5d964c8243d24074932cf5d1,pcdiveclub
5d962ae69e3632469d33c4dd,pcdiveclub
5d95466a30b822163a144106,pcdiveclub
5d92792af12af46c07415ba2,pcdiveclub
5d8fb51fe3d4a3268b6144d4,stayhighbayhigh
5d8f94b211e31d4695152899,off%50%off
5d8f5e08a553bf7f637bbdac,stayhighbayhigh
5d8e1f3d988012160e1e6577,pcdiveclub
5d8a6c17e4d34276a947c02d,pcdiveclub
5d8911db4e8ae8607d1feee6,pcdiveclub
5d89038d0bcd5826c907b319,pcdiveclub
5d884429b67fd650a0789eff,pcdiveclub
5d7b07e46987b52d257813e3,pcdiveclub
5d72b4edbd97ed6b200269b8,pcdiveclub
5d72b084ea40953fec5f1577,pcdiveclub
5d726811855878053244b9aa,pcdiveclub
5d7266bd55ed7421c41d7f5a,pcdiveclub
5d726640a1a2572c0c616476,pcdiveclub
5d7261e2a1a25707dd1faa87,pcdiveclub
5d6c56e9b91354749417ffb7,normoxic
5d6bf92bf1032e08755e6af7,pcdiveclub
5d6144405de4034b0778dc72,pcdiveclub
5d6142de5de40329ec102586,pcdiveclub
5d6055cd1a3962106b040581,pcdiveclub
5d600b0bdded5a4cac2ad4af,pcdiveclub
5d600666f73bce2b6b7cd26e,pcdiveclub
5d6005c9f73bce2e04522956,pcdiveclub
5d5d7305420d8527615891b0,pcdiveclub
5d5d5d38a6cb9669a112929a,normoxic
5d59df0a32088d52b2545f89,pcdiveclub
5d5188850abbb737ab0dfbdd,pcdiveclub
5d4de9124e43d2692961039e,normoxic
5d4dc71b2aab40799d6df33d,pcdiveclub
5d499309a32a4e4a8d222382,pcdiveclub
5d460f5f6f110959cc7dbb10,pcdiveclub
5d45cad757cbf7645311d526,pcdiveclub
5d44f579b638f42bff0021ee,pcdiveclub
5d409634bfb76e746d1bc7e6,pcdiveclub
5d3efdf3c366f5521365b602,pcdiveclub
5d3d13ef68b2cf1c2553377f,pcdiveclub
5d3c2c8bd8d07b50580b0317,pcdiveclub
5d3b5ed3d64b661e91304210,pcdiveclub
5d39fae711153907cd456199,pcdiveclub
5d38d98615c89d131800717c,pcdiveclub
5d38763b0ed1d90d593c8e51,pcdiveclub
5d3875cb0ed1d97cf363f348,pcdiveclub
5d34f83838569946a31ada12,pcdiveclub
5d2f8bd36857d03421669473,pcdiveclub
5d2e512344e936343d13f485,normoxic
5d2c5d1145961c074529eee1,pcdiveclub
5d2a9c4a1f756b259e487d8f,pcdiveclub
5d2a9b74ee505f24bf121df5,pcdiveclub
5d27de34206ef3031006c87b,scubadoo
5d27dde36142e713614ac0bd,scubadoo
5d27ddad7a6b2a341a42ff8f,scubadoo
5d27dd76206ef37f9f669163,scubadoo
5d27dd76206ef37f9f669163,pcdiveclub
5d2544c47f75e82ae0316a90,pcdiveclub
5d224465a9651a1fa53bfb6d,pcdiveclub
5d1fb1484a7b3c5a2451be2c,pcdiveclub
5d1e41a650edbc7e622ac7ba,normoxic
5d1e374b50edbc5973416eef,pcdiveclub
5d1df05abbca98479d7a6aa3,pcdiveclub
5d1d633962a603377d465985,pcdiveclub
5d1d621462a603435477a97c,pcdiveclub
5d1d58eb4cbcd24b89115fd4,pcdiveclub
5d1d3131e478d027657218a0,pcdiveclub
5d1d2d8362a60305bc684515,pcdiveclub
5d1d1b2c4cbcd27ab65cf478,pcdiveclub
5d1b7a1950d90127ff28289a,pcdiveclub
5d1b799e5a4d7c280e426e02,pcdiveclub
5d1b4ea750d9017ec7433bcf,pcdiveclub
5d1a53cb77c5674c633c6fb1,pcdiveclub
5d1950c175edf86d263d6ac8,pcdiveclub
5d17a386ecc13f42b2130901,pcdiveclub
5d17a115b59f78022050ac18,pcdiveclub
5d17968fb59f7868583cb8ab,pcdiveclub
5d16e1ceecc13f515358da63,pcdiveclub
5d16a497b59f7851c76064fb,pcdiveclub
5d16969cecc13f67da11d328,pcdiveclub
5d166dad824fc46b682824e7,pcdiveclub 
5d1655a6ebd35c248c02356e,pcdiveclub
5d164d8eb590d60a8d15f04a,pcdiveclub
5d164094ecc13f323f062d3b,pcdiveclub
5d163c06aacdd04d0e4ec1ef,pcdiveclub
5d162797ecc13f619e1b3c7d,pcdiveclub
5d15db1757542f5b1d45b31d,pcdiveclub
5d13d45cd33b31440b163171,pcdiveclub
5d13d42363811b085109e69f,scubadoo
5d13bdc97d9f296ac9416feb,pcdiveclub
5d12be83e10cd816075a5fe6,pcdiveclub
5d123645916b3c14d94e1c41,pcdiveclub
5d11803b57e81c0a2242fa9f,pcdiveclub
5d102a8a98f19f66df10f426,pcdiveclub
5d0ff10398f19f5245040284,pcdiveclub
5d0ce9f3693d682a650b6672,pcdiveclub
5d0bf83eb0544862ec729e8a,pcdiveclub
5d08d0c012608770e007bf1e,pcdiveclub
5d0777c4f427df6c711f41d6,3rdcoast
5d03f2f979f11326225698fc,pcdiveclub
5d02e8e8be425b4f6973c159,pcdiveclub
5d0298403c028541a627543d,pcdiveclub 
5cffad29424cca080a2d5ecd,pcdiveclub
5cfad8fd7b3d713b923213e8,pcdiveclub
5cfaba2b162d7358227d56bf,pcdiveclub
5cf9b508246f5b20d272a0f6,pcdiveclub
5cf9b4ddce6699185f50e578,pcdiveclub
5cf9b497016a634e783d1108,pcdiveclub
5cf8197741bcef532e04044e,pcdiveclub
5cf81654594e025268714e7d,pcdiveclub
5cf7cc3607161e75fa405554,pcdiveclub
5cf7ca44d2601646ba4d1b6f,pcdiveclub
5cf70d04f62c0430a4578b88,pcdiveclub
5cf69eaabea49a55a2401f45,pcdiveclub
5cf55d3394a65128c86db667,pcdiveclub
5cf2df1b80e3af2bad205e98,pcdiveclub
5cf0119d3a22f2447c0be2fd,normoxic
5cee8dd0d55732154754457a,chatscuba
5cee8dd05ee5044e4b2017ba,chatscuba
5cebc6a4f0672469f827e25c,pcdiveclub
5ceb1632b3f31771527311a4,pcdiveclub
5ceb10a7b3f31748b5472722,pcdiveclub
5ce6dd4c1888594a455e1fe5,3rdcoast
5ce4af25d0c56e44cc775016,pcdiveclub
5ce3efe65e500c3a0537b6ae,pcdiveclub
5ce3dafe97fe8a18c35c8603,pcdiveclub
5ce17a01ee37be07ed58bab7,pcdiveclub
5cd97face547ee082149b099,pcdiveclub
5cd43cf761f61d140e2cfa8d,pcdiveclub
5cd43b1861f61d7b283aee33,pcdiveclub
5cd2ad6761f61d20ac4f5637,pcdiveclub
5ccda703177e574e1e7dfb13,pcdiveclub
5ccca0dcd1683d1201157ba9,pcdiveclub
5ccb7ade737e3b0c8b2c55a3,pcdiveclub
5cc46ce42e66535f66721ed5,scubadoo
5cc46ce42e66535f66721ed5,pcdiveclub
5cc444d92e665375d6009dcb,advancedaddon
5cc1cffc393cce50ca519b47,off%50%off
5cbdd5842b7a621c4c562b1d,coolchris
5cbb4ceffeb26c59f936faa7,3rdcoast
5cbb4bc9f1168b182c24a152,3rdcoast
5cb916e13d704d549b545830,pcdiveclub
5cb910b003a9c90ca97d7e6f,pcdiveclub
5cb91055fefbb67e6309d330,pcdiveclub
5cb90fcffefbb602a311e955,pcdiveclub
5cb8b72f3d704d6c2e0f3c2a,normoxic
5cb37e0584071679ff2ee5f6,normoxic
5cb11167a130e70cf3253bed,3rdcoast
5cae8b118c4340fa798b4cc0,3rdcoast
5cae845290957a7c5c270cb7,3rdcoast
5cad7ffbda374741598b4586,3rdcoast
5cabd7cec2dc48f7718b45f7,3rdcoast
5ca9f9bc8138476d198b4c25,normoxic
5ca91d5d755c52c2058b5485,pcdiveclub
5ca698f50b2b2e49178b4714,scubadoo
5ca698c0b043405a128b5933,scubadoo
5ca69886716052c4058b5e99,scubadoo
5ca697eeb043406c2b8b45ec,scubadoo
5ca4dd8cee5b523b178b551d,3rdcoast
5ca3ac73502b2e813d8b4ec0,3rdcoast
5ca385d92f6052773a8b5138,normoxic
5ca26620c79ee0a0148b50d1,pcdiveclub
5c9e8fded0c52699128b54aa,pcdiveclub
5c9d6e32c4b327533d8b4a93,normoxic
5c9d2a773b82a421038b474b,3rdcoast
5c9ce67cea360b16748b5228,pcdiveclub
5c9c35387d36f69d608b4bb9,3rdcoast
5c9ad9ed9fab02b8018b52be,3rdcoast
5c9acffd9fab02cc058b4a21,3rdcoast
5c9ace4e76f30f72138b4c17,3rdcoast
5c9a3698edcfd599428b45e5,3rdcoast
5c94b39c73a1b6140d8b4a6b,3rdcoast
5c9285c3bae0f801328b532c,pcdiveclub
5c91cf4486736cfa1c8b4579,3rdcoast
5c9007b0691799df618b4d7b,pcdiveclub
5c8fc4ddcf52efc57b8b500e,pcdiveclub
5c8e70e6d28f87dc068b508e,pcdiveclub
5c8d45a8fc332097038b4d4f,3rdcoast
5c8c0f72fc332058688b5390,3rdcoast
5c879197fdb73c10458b4a3e,3rdcoast
5c8727b4c58efc59628b559d,pcdiveclub 
5c86cb317991b481408b4893,3rdcoast
5c833615ae45bd784e8b4625,pcdiveclub
5c82f18fae45bdfe268b4790,pcdiveclub
5c82ee4e6691b83f188b49ba,pcdiveclub
5c81d1a5cc7ee480508b51a6,3rdcoast
5c81d0decf31146e778b45fb,3rdcoast
5c81cdebcc7ee490558b48ba,pcdiveclub
5c81c85acf311480378b51c9,pcdiveclub
5c796721188a4184068b45a3,pcdiveclub
5c749ec0567bb9e4348b6121,normoxic
5c749e202eea9dfc368b5c74,normoxic
5c27f840c581e19f7c8b45c6,pcdiveclub
5c27f6fa332e75c55a8b457e,pcdiveclub
5be459096864ea2f4d8b458c,normoxic
5be378f7c581e130118b45f0,pcdiveclub
5bb808f5c681e12d6b8b45cb,pcdiveclub
5bb7783bc681e1e2148b45d6,off%50%off
5bb6b326cf8b9ceb238b45be,pcdiveclub
5bb0cd096864ea25168b45ac,normoxic
5bafdb0dcf8b9ca40b8b4588,pcdiveclub
5bae7d05cf8b9c621a8b45a7,pcdiveclub
5bac04976864ea673a8b457f,pcdiveclub
5ba936d0c681e1767d8b4592,off%50%off
5ba6b66ec681e148788b460c,pcdiveclub
5ba651a6c581e1eb3c8b45d5,pcdiveclub
5ba54b45cf8b9c1c228b4665,thedive
5b9d5151332e75ab218b45de,pcdiveclub
5b9c692cc681e1e5658b45df,pcdiveclub
5b9c579bc681e1ca468b4602,pcdiveclub
5b958fd56864eada348b45a2,pcdiveclub
5b9297b8c681e19a618b45ee,pcdiveclub
5b8bf86c332e75fb2c8b459c,pcdiveclub 
5b889af86864ea08218b457f,pcdiveclub
5b8894836864eaa6628b4670,pcdiveclub
5b88201c332e7568418b45c8,pcdiveclub
5b87fc7cc681e1b94f8b4665,pcdiveclub
5b87e5986864ea814a8b4614,pcdiveclub
5b85a7996864eadd118b4646,pcdiveclub
5b82d863332e750f4d8b459a,pcdiveclub
5b82ca1a332e7527288b45cb,pcdiveclub
5b817b216864eab6718b4641,pcdiveclub
5b7ef668332e754a628b4594,pcdiveclub
5b7dd43ac581e114618b4612,pcdiveclub
5b7dc2c9c681e128498b4588,pcdiveclub
5b7b38b16864eaa75f8b464f,pcdiveclub
5b79ce6c6864eae5478b4662,thedive
5b79ce6c332e75cd378b45fa,thedive
5b78adb26864ea525a8b464d,pcdiveclub
5b7839a4c681e1d9148b4625,pcdiveclub
5b78240dc681e1ac088b457c,pcdiveclub 
5b760a156864ead7288b459f,pcdiveclub
5b745f15c581e1154f8b45a0,pcdiveclub 
5b6ee67e332e75067b8b45d9,pcdiveclub
5b6c7d4ec681e1aa348b457e,pcdiveclub
5b6b25ffc681e166568b4571,pcdiveclub
5b683d10332e75d01d8b4598,pcdiveclub
5b64b8bbc581e1682c8b4635,pcdiveclub
5b63938fc581e187368b45cb,pcdiveclub
5b61f4a4c381e138318b4584,pcdiveclub
5b5f7e98c381e1f64a8b459e,pcdiveclub
5b5dca35c381e129088b4575,scubadoo
5b5dc9ebc481e1dc648b4577,scubadoo
5b5dc98fc381e103778b458d,scubadoo
5b5dc940c381e162778b4593,scubadoo
5b58fe92c481e12c668b4580,pcdiveclub
5b5756adc481e1be488b457c,pcd10%
5b533f19c381e1a9248b4590,pcdiveclub
5b511f25c481e149228b457e,pcdiveclub
5b4ea878332e75a5238b45ed,pcdiveclub
5b48a072cf8b9c2a7b8b4605,pcdiveclub
5b481f13332e7543088b45c5,pcdiveclub
5b47e0a0332e75de098b4577,pcdiveclub
5b47dd976864ea24498b45a3,pcdiveclub
5b47dd64e0179866338b4572,pcdiveclub
5b4795d4e017989d758b45e6,pcdiveclub
5b469c4ecf8b9c0a2c8b45ec,pcdiveclub
5b46719bcf8b9cc8528b45aa,pcdiveclub
5b467038332e756d4b8b457e,pcdiveclub
5b434785332e75ac2f8b457c,pcdiveclub 
5b4225f2e01798de218b45bc,pcdiveclub
5b410ce0e01798b9238b4600,pcdiveclub
5b3fedb46864ea255f8b4571,pcdiveclub
5b3ebbc6cf8b9c886c8b466e,pcdiveclub
5b3ebb6be01798e37d8b458a,pcdiveclub
5b3e43a1332e7591248b4570,pcdiveclub 
5b3a4d36e017984b618b462b,pcdiveclub
5b37d1ea6864ea6e058b45a4,pcdiveclub
5b3777b7cf8b9cbc418b45d8,pcdiveclub 
5b316746cf8b9c8a678b4603,pcdiveclub
5b3158c4cf8b9ccd4d8b45e4,pcdiveclub
5b2fa01fcf8b9ce1488b45d1,pcdiveclub
5b2eceba332e75ae7e8b458b,pcdiveclub
5b2e903ecf8b9cbd178b45d3,pcdiveclub
5b2e77996864ea7b578b45bf,pcdiveclub
5b2d9652e0179837488b45a6,pcdiveclub 
5b2abf58332e7569088b4571,pcdiveclub
5b2ab8d26864ea85688b4616,pcdiveclub
5b2ab4c1e01798a2368b4601,pcdiveclub
5b27ef9f6864eaef3b8b45a6,pcdiveclub
5b251484cf8b9c4f648b458c,pcdiveclub
5b2511d1e01798e67d8b45e7,pcdiveclub
5b22ae77e01798ed338b45ef,pcdiveclub
5b1c2a8fcf8b9cec3f8b45d3,pcdiveclub 
5b1c29b6332e75b54d8b4571,pcdiveclub
5b1bfd6e6864ea3b0d8b4586,pcdiveclub
5b1a7d696864ea77688b45c1,pcdiveclub
5b19cf6fe0179820268b45f3,pcdiveclub
5b19cef1e0179865358b458d,pcdiveclub
5b15bbc0cf8b9c34558b45cc,pcdiveclub
5b12c6e3332e75fb188b45f6,pcdiveclub
5b12c66ce0179897548b45f1,pcdiveclub
5b12c546cf8b9cab338b462a,pcdiveclub
5b12c3b2e0179807618b457b,pcdiveclub
5b12c1ed332e7500128b4573,pcdiveclub
5b12bee3cf8b9cee2d8b45a7,pcdiveclub
5aff43586864ea40718b45fc,pcdiveclub
5afe22776864eaaf0b8b4571,pcdiveclub 
5afdf0c36864eabf158b4579,pcdiveclub
5afdd5f6e01798f76e8b4614,pcdiveclub
5af713cecf8b9c31018b4611,pcdiveclub
5af4cf3c6864eaf3458b457e,pcdiveclub
5af4b19b6864ea6b718b45b3,pcdiveclub
5af09d01e01798ca0b8b45cf,pcdiveclub
5aede189e01798bf4d8b45b1,pcdiveclub 
5aec16f56864eaaf188b45a0,pcdiveclub 
5ae4f74f332e7523038b4577,pcdiveclub
5ae4f6d6332e75aa7e8b45ab,pcdiveclub
5ae4741d332e757a1b8b45f7,pcdiveclub 
5ada5b1ecf8b9c294d8b4575,pcdiveclub
5ad8c297cf8b9c751f8b45fc,pcdiveclub
5acd2fa3e01798db088b45dd,pcdiveclub
5aca9911cf8b9c57628b45c8,pcdiveclub
5ac994c66864ea343d8b4607,pcdiveclub 
5ac94e036864eac9608b45d3,pcdiveclub 
5ac93bc6cf8b9c0c4d8b45f9,pcdiveclub
5ac932da332e7545618b4596,pcdiveclub
5abd0358332e75b3388b45ba,chatscuba
5aad82516864ea33698b461b,pcdiveclub
5aac0cf8cf8b9c771c8b4639,pcdiveclub
5aabdb7acf8b9c2c4b8b45dd,pcdiveclub
5aa973aae017989d2d8b461f,pcdiveclub
5aa71ffb6864ea58498b4600,pcdiveclub
5aa32847332e759a738b4571,pcdiveclub
5aa302e2332e751f318b45b8,pcdiveclub
5aa2b4f36864ea161f8b4713,pcdiveclub
5aa0ae8b332e7550158b459e,pcdiveclub 
5a9fef5a6864ea05568b45c1,pcdiveclub
5a9a02abe01798ae328b45f4,pcdiveclub
5a931ed6332e7528228b4592,pcdiveclub
5a6b5363e01798d71a8b457f,thirty$off
5a6b5363e01798d71a8b457f,thedive
5a147f0bcf8b9c4e048b45ca,pcdiveclub
5a032723332e7584228b4575,pcdiveclub
59fb40a3e0179864128b459f,pcdiveclub
59f0ea196864ea49158b458f,pcdiveclub
59ed482a6864ea92408b4593,pcdiveclub
59ecd43de0179877588b4579,pcdiveclub
59eca9b0e01798b57a8b45d1,pcdiveclub
59eca5756864ea98018b45c5,pcdiveclub
59eb99856864ea535b8b466d,pcdiveclub
59e0e2fee01798fc558b45a7,pcdiveclub
59df8f10cf8b9c28558b4611,pcdiveclub
59df8e8ce01798ad078b45e9,pcdiveclub
59df8438e01798c97e8b45f1,pcdiveclub
59de35736864ea55368b45b9,pcdiveclub
59dda1c1332e75c36e8b45e7,pcdiveclub
59db6fc9cf8b9c2e268b45b1,pcdiveclub
59d93d9dcf8b9cb9498b4574,pcdiveclub
59d40d7dcf8b9c465a8b45bc,pcdiveclub
59cba4dbe017982c0a8b45c2,pcdiveclub
59c55239e0179857658b4582,pcdiveclub
59bc0cd86864eacf2b8b4662,pcdiveclub
59bb4de56864eaed578b4571,pcdiveclub
59bb4d8b332e7515578b458e,pcdiveclub
59bae28ae01798576c8b45c9,pcdiveclub
59bae28acf8b9c6f778b45cc,pcdiveclub
59bab73de0179876278b45c0,pcdiveclub
59ac8c31332e7543188b45a0,pcdiveclub
59ab06abe0179874228b45d5,pcdiveclub
59ab04b6e01798aa138b464c,pcdiveclub
59a5ddf86864ea03598b45af,chatscuba
59a5601ee01798441d8b45a2,pcdiveclub
59a35a12cf8b9ccf1c8b4583,pcdiveclub
59a2f9f1cf8b9cb96f8b4577,pcdiveclub
599de414e01798b41b8b45d4,pcdiveclub
599ddd086864ea5c778b45b4,pcdiveclub
599db258e01798353b8b465e,pcdiveclub
5996f607332e7546338b45af,pcdiveclub
598eef47e01798d7438b458a,pcdiveclub
59886e1e6864ea52118b457a,pcdiveclub
59876a84e0179868188b4664,pcdiveclub
5984f8fe332e75285a8b4587,pcdiveclub
5984e5076864ea4a7c8b45ec,pcdiveclub
5984e40fcf8b9cd3728b4679,pcdiveclub
59849533cf8b9c4d6b8b4653,pcdiveclub
5983e848cf8b9ce3238b4572,pcdiveclub
5983e790e017989d4e8b4617,pcdiveclub
5983d029e017988e1b8b4630,pcdiveclub
5983c5fce017986b1c8b45e9,pcdiveclub
5983b02ccf8b9ca4378b4623,pcdiveclub
5983af146864ea79178b468a,pcdiveclub
597e0028332e7579418b4599,pcdiveclub
597b7c616864ea952a8b4690,pcdiveclub
597b7c42e01798a4268b4644,pcdiveclub
597b6e00cf8b9cf90c8b45ea,pcdiveclub
597b6e006864ea622f8b45a8,pcdiveclub
597a4248332e75983f8b45b8,pcdiveclub
597a3f22332e75383e8b458c,pcdiveclub
597605786864eafb118b4570,pcdiveclub
59610e47e0179804478b4613,pcdiveclub
5960fba4332e75ef638b45ad,pcdiveclub
59601171e0179815278b4684,pcdiveclub
595fcdbbe017989e368b45c1,pcdiveclub
595fc65be01798ba128b46a6,pcdiveclub
595f7a2e332e75415f8b458b,pcdiveclub
595edc9c332e75e5108b4594,pcdiveclub
595edbe7cf8b9c7a228b45a1,pcdiveclub
595eda26cf8b9cea038b4646,pcdiveclub
595ed1f5e017981a278b4614,pcdiveclub
595e67fce01798ed5d8b4631,pcdiveclub
595a41a3332e75e54e8b4583,pcdiveclub
59580739cf8b9c87378b4648,pcdiveclub
595641abcf8b9cc42e8b45d9,pcdiveclub
5953f495cf8b9cbe508b4653,pcdiveclub
594eaf5bcf8b9c1c488b4698,pcdiveclub
594d2c2de017983e758b461d,pcdiveclub
594d1fe8e01798e5718b461a,chatscuba
594c4def332e756e4a8b45a5,chatscuba
594b109b6864eaf76b8b460c,pcdiveclub
5944134e332e752a248b459f,pcdiveclub
5943de9fe0179834738b45df,off%50%off
594300c16864ea5b078b462f,scubadoo
5941f113332e75b67e8b45c0,pcdiveclub
593d568ce01798e10f8b4600,off%50%off
593c5e0e6864ead6268b4614,pcdiveclub
59394f9f332e75a6718b4579,pcdiveclub
593893766864eaae3e8b4572,scubadoo
59389376332e75bc528b45c1,scubadoo
59385cc1e017984f1a8b4622,chatscuba
5934a6fa6864eae51b8b4578,pcdiveclub
59340c03332e7515478b45a6,pcdiveclub
5933f3106864eac9468b45a7,pcdiveclub
5933798f6864ea71118b46c4,pcdiveclub
593332166864eab9378b45e0,pcdiveclub
5933272f332e7576738b4581,pcdiveclub
5932e1ea332e754f758b45da,pcdiveclub
5932d3436864ead97c8b4604,pcdiveclub
5930d7f4e017982f688b4654,pcdiveclub
592f5aebe01798c8438b45da,scubadoo
592f5aeb332e75c3738b45aa,scubadoo
592f3d656864ea256b8b4591,pcdiveclub
592df9c06864ea5f2e8b4576,scubadoo
592de9756864ea47798b4627,scubadoo
592d9ffb332e759a6a8b45cb,scubadoo
592d9e5e6864ea557e8b45a4,scubadoo
59298c0c332e7546568b457d,pcdiveclub
5929891b6864ea782f8b45fb,pcdiveclub
59276b55e0179807168b4570,pcdiveclub
591f03a56864ea89248b4639,pcdiveclub
591f03a56864ea7d248b4619,pcdiveclub
591e1cb0332e75b3418b45e9,chatscuba
591e1c33e01798b2788b4608,chatscuba
591e1adae0179864788b4633,chatscuba
591cfec56864eab0238b45a9,pcdiveclub
591ad02de0179871368b45ae,pcdiveclub
591ad02d6864eaa15f8b45d4,pcdiveclub
5910b51b332e75c16b8b4581,pcdiveclub
5909bb6be017988e4d8b4590,pcdiveclub
59086cb0332e75000c8b45dd,pcdiveclub
590619cc6864ead4158b457b,pcdiveclub
5900942fe01798d6088b459d,pcdiveclub
58f5056f332e756f4c8b4579,pcdiveclub
58f504db6864ea86128b469c,pcdiveclub
58f5040fe01798ae788b459c,pcdiveclub
58f2928de01798b8288b46a4,pcdiveclub
58f0270e6864ea91768b45d9,pcdiveclub
58f02684e01798ae4d8b458a,pcdiveclub
58ef64486864ea726e8b456f,pcdiveclub
58e6e4be6864ea7b1e8b4608,pcdiveclub
58dd5650e0179856618b45c3,pcdiveclub
58dd014de01798935a8b4743,pcdiveclub
58d82c0d6864ea5a148b464d,pcdiveclub
58d66913e01798285c8b46a2,pcdiveclub
58d3c1d3e0179847408b45aa,pcdiveclub
58d04ebbe017988c158b45c7,pcdiveclub
58cc22ca6864ead6568b4679,pcdiveclub
58cc1ffc6864ea47778b4594,pcdiveclub
58c55bb8e0179809158b458a,pcdiveclub
58c55a41332e75d61a8b45be,pcdiveclub
58c1be46332e751d288b4588,pcdiveclub
58bda6f3e0179813648b45d2,pcdiveclub
58bc9aafe01798dd258b4617,pcdiveclub
58bc5524e01798f8618b45bc,pcdiveclub
58bc54ad332e7514488b45aa,pcdiveclub
58bc3edc332e75841c8b45db,pcdiveclub
58bc0db46864eaea2e8b4677,pcdiveclub
58bb6f96e01798ab538b4629,pcdiveclub
58badf47e01798d4728b45c9,pcdiveclub
58b8d9096864ea906e8b4578,pcdiveclub
58b85100332e7524458b45d4,pcdiveclub
58b73c85332e75882d8b45a2,pcdiveclub
58b20aa36864ea4e4f8b4655,pcdiveclub
58b04c20e01798b21b8b457d,pcdiveclub
58237d926864eabb738b45bd,pcdiveclub
58237cf0e01798a3478b593b,pcdiveclub
581ba1b26864ea7b658b45b1,pcdiveclub
581ba0a3e01798e91b8b4599,pcdiveclub
58124133e01798bc548b456e,pcdiveclub
581240a2e0179867318b45cd,pcdiveclub
580f7a166864ea26628b4592,pcdiveclub
580031be6864ea893e8b456f,pcdiveclub
57fa4d18e017980e618b48f7,pcdiveclub
57f65d7392670583778b45bc,pcdiveclub
57f65ca06864ead3188b4574,pcdiveclub
5776837d9267054c358b4583,pcdiveclub
57525a5ce01798846f8b45cc,pcdiveclub
575242ea6864ea1c328b45f5,pcdiveclub
5752410ae01798df618b45ae,pcdiveclub
5743269f6864ea972a8b463f,normoxic
